abb61a29-53f5-44a8-afdb-1ab9b9dab865,Thành phố Hà Nội,01,00000000-0000-0000-0000-000000000000,CITY
9a6ab84c-6cd4-4215-a86b-ef2435cdf3e5,Quận Ba Đình,0101,abb61a29-53f5-44a8-afdb-1ab9b9dab865,DISTRICT
3052df14-5a9b-4c5e-8180-d39d7303f785,Phường Phúc Xá,010101,9a6ab84c-6cd4-4215-a86b-ef2435cdf3e5,TOWN
7858066e-f0bb-4124-a41d-11dda7463acb,Phường Trúc Bạch,010102,9a6ab84c-6cd4-4215-a86b-ef2435cdf3e5,TOWN
441338cf-d22f-4b08-899b-3ffe54ccf02a,Phường Vĩnh Phúc,010103,9a6ab84c-6cd4-4215-a86b-ef2435cdf3e5,TOWN
e71fe3c8-6620-4f78-b2a0-9811b45051bf,Phường Cống Vị,010104,9a6ab84c-6cd4-4215-a86b-ef2435cdf3e5,TOWN
516df049-ce7d-4a34-95af-cbc406bca04b,Phường Liễu Giai,010105,9a6ab84c-6cd4-4215-a86b-ef2435cdf3e5,TOWN
54d580f1-9c80-4985-87d4-8f0609f93ba3,Phường Nguyễn Trung Trực,010106,9a6ab84c-6cd4-4215-a86b-ef2435cdf3e5,TOWN
91cd6d17-1084-4a03-b118-9ae6f6705d50,Phường Quán Thánh,010107,9a6ab84c-6cd4-4215-a86b-ef2435cdf3e5,TOWN
4d7c2ba8-0754-4685-9af7-dd2d671609b9,Phường Ngọc Hà,010108,9a6ab84c-6cd4-4215-a86b-ef2435cdf3e5,TOWN
ae902a95-f29d-42eb-829e-e6e5d0fb626b,Phường Điện Biên,010109,9a6ab84c-6cd4-4215-a86b-ef2435cdf3e5,TOWN
31b007f4-3c60-4c44-9239-a30b3992aad2,Phường Đội Cấn,010110,9a6ab84c-6cd4-4215-a86b-ef2435cdf3e5,TOWN
6ed204b2-feee-42a5-a13c-63f825dab847,Quận Hoàn Kiếm,0102,abb61a29-53f5-44a8-afdb-1ab9b9dab865,DISTRICT
0460c5a9-0e85-4740-96e2-5dc5759811fb,Phường Phúc Tân,010201,6ed204b2-feee-42a5-a13c-63f825dab847,TOWN
d79f4a20-d3ec-483a-b741-59a03dce0d56,Phường Đồng Xuân,010202,6ed204b2-feee-42a5-a13c-63f825dab847,TOWN
4b70d60a-3845-44ad-ab90-51358307770a,Phường Hàng Mã,010203,6ed204b2-feee-42a5-a13c-63f825dab847,TOWN
5373c1aa-5d02-45a7-a7a9-f4862781850e,Phường Hàng Buồm,010204,6ed204b2-feee-42a5-a13c-63f825dab847,TOWN
aa2a9260-2a51-4e3e-89c5-ac176ac110ff,Phường Hàng Đào,010205,6ed204b2-feee-42a5-a13c-63f825dab847,TOWN
46176f01-47de-457b-9eae-2fa0e224282a,Phường Hàng Bồ,010206,6ed204b2-feee-42a5-a13c-63f825dab847,TOWN
6e161ba8-435a-4caf-a17d-0badad8e3232,Phường Cửa Đông,010207,6ed204b2-feee-42a5-a13c-63f825dab847,TOWN
7e763075-b2c5-4fea-9f2f-bad11f47303f,Phường Lý Thái Tổ,010208,6ed204b2-feee-42a5-a13c-63f825dab847,TOWN
c37d4214-25cf-4232-aa72-71ab92ad6b3c,Phường Hàng Bạc,010209,6ed204b2-feee-42a5-a13c-63f825dab847,TOWN
8c68ef81-5ed6-4118-9398-0213f8716c66,Phường Hàng Gai,010210,6ed204b2-feee-42a5-a13c-63f825dab847,TOWN
7d51494c-cb7e-40ed-bbb3-efa10a267394,Quận Tây Hồ,0103,abb61a29-53f5-44a8-afdb-1ab9b9dab865,DISTRICT
202217ce-5d36-45f1-b491-1cb5a0a01911,Phường Phú Thượng,010301,7d51494c-cb7e-40ed-bbb3-efa10a267394,TOWN
591571df-4a9d-4f1f-a025-27f55f81d907,Phường Nhật Tân,010302,7d51494c-cb7e-40ed-bbb3-efa10a267394,TOWN
8eca76d0-b50e-4334-bb3f-44ed0166b54b,Phường Tứ Liên,010303,7d51494c-cb7e-40ed-bbb3-efa10a267394,TOWN
803798ad-d3a6-4556-8a14-87496d5a4ce9,Phường Quảng An,010304,7d51494c-cb7e-40ed-bbb3-efa10a267394,TOWN
b725f5cd-8ed2-42e0-a593-b2c61a0bdf29,Phường Xuân La,010305,7d51494c-cb7e-40ed-bbb3-efa10a267394,TOWN
ea136de4-2bdd-4340-8c2b-139f814491f3,Phường Yên Phụ,010306,7d51494c-cb7e-40ed-bbb3-efa10a267394,TOWN
8f6c068a-910b-4cdb-bb90-78b7c513ea1f,Phường Bưởi,010307,7d51494c-cb7e-40ed-bbb3-efa10a267394,TOWN
eebf8123-255b-4a35-866e-e4fbdd5dbfaa,Phường Thụy Khuê,010308,7d51494c-cb7e-40ed-bbb3-efa10a267394,TOWN
c2ebef45-227e-4bc3-a49a-932e76dc5d4d,Quận Long Biên,0104,abb61a29-53f5-44a8-afdb-1ab9b9dab865,DISTRICT
d89af2e2-b8b5-48b2-88a8-c843f424751d,Phường Thượng Thanh,010401,c2ebef45-227e-4bc3-a49a-932e76dc5d4d,TOWN
3b416ee8-0e76-44ba-af24-76b35759d776,Phường Ngọc Thụy,010402,c2ebef45-227e-4bc3-a49a-932e76dc5d4d,TOWN
1d4c8926-9e3c-4930-bd90-a5999a1ccfa6,Phường Giang Biên,010403,c2ebef45-227e-4bc3-a49a-932e76dc5d4d,TOWN
2bf0196e-f4e3-4da4-b8cb-36f7c5bccc29,Phường Đức Giang,010404,c2ebef45-227e-4bc3-a49a-932e76dc5d4d,TOWN
f7101712-0671-45ff-a884-09ccb2195685,Phường Việt Hưng,010405,c2ebef45-227e-4bc3-a49a-932e76dc5d4d,TOWN
177533fb-d0dd-4b29-956c-3aa364e70044,Phường Gia Thụy,010406,c2ebef45-227e-4bc3-a49a-932e76dc5d4d,TOWN
78bbd64b-9e7c-4f65-a5ed-01ea04c2137f,Phường Ngọc Lâm,010407,c2ebef45-227e-4bc3-a49a-932e76dc5d4d,TOWN
d58ec851-c90a-474e-abe2-0b3e211559c8,Phường Phúc Lợi,010408,c2ebef45-227e-4bc3-a49a-932e76dc5d4d,TOWN
305ce1c2-ed62-40cb-a400-18ac2d900f39,Phường Bồ Đề,010409,c2ebef45-227e-4bc3-a49a-932e76dc5d4d,TOWN
ba20688a-a6e1-4930-9579-11746cc25e6c,Phường Sài Đồng,010410,c2ebef45-227e-4bc3-a49a-932e76dc5d4d,TOWN
de192568-b07a-493f-9617-284a881063cb,Quận Cầu Giấy,0105,abb61a29-53f5-44a8-afdb-1ab9b9dab865,DISTRICT
de1ca1f6-2552-419a-8a61-bcdd5b525fd5,Phường Nghĩa Đô,010501,de192568-b07a-493f-9617-284a881063cb,TOWN
45c04f22-f867-475c-bb0e-a09b5f1240ff,Phường Nghĩa Tân,010502,de192568-b07a-493f-9617-284a881063cb,TOWN
6503ec1f-2d9f-44ce-be0b-73fcc46c5408,Phường Mai Dịch,010503,de192568-b07a-493f-9617-284a881063cb,TOWN
1695513b-5537-4156-8228-c2d39f777a3c,Phường Dịch Vọng,010504,de192568-b07a-493f-9617-284a881063cb,TOWN
61df1897-1a9e-4e8c-94ca-5901b3ae7115,Phường Dịch Vọng Hậu,010505,de192568-b07a-493f-9617-284a881063cb,TOWN
f8e38df4-c5d3-4b52-8f79-652c7419555c,Phường Quan Hoa,010506,de192568-b07a-493f-9617-284a881063cb,TOWN
9f662b7e-58d3-4766-aa9d-1b844c152562,Phường Yên Hoà,010507,de192568-b07a-493f-9617-284a881063cb,TOWN
48171bb3-15f9-4534-9116-70b117f85f3e,Phường Trung Hoà,010508,de192568-b07a-493f-9617-284a881063cb,TOWN
5cf08ad4-5788-4243-a0e6-6da5d2fa8324,Quận Đống Đa,0106,abb61a29-53f5-44a8-afdb-1ab9b9dab865,DISTRICT
538e369c-16b2-4174-8f6a-45cfbd8c460f,Phường Cát Linh,010601,5cf08ad4-5788-4243-a0e6-6da5d2fa8324,TOWN
8aa3d53b-817d-4f38-80c1-7b03fb5474ce,Phường Văn Miếu,010602,5cf08ad4-5788-4243-a0e6-6da5d2fa8324,TOWN
bbe91993-1965-4865-a0eb-14ba10c02bdf,Phường Quốc Tử Giám,010603,5cf08ad4-5788-4243-a0e6-6da5d2fa8324,TOWN
a089afdb-ae7c-49b6-bb25-604dedec55a3,Phường Láng Thượng,010604,5cf08ad4-5788-4243-a0e6-6da5d2fa8324,TOWN
5b4f9dba-2b75-45ef-bfcd-61951d9397d4,Phường Ô Chợ Dừa,010605,5cf08ad4-5788-4243-a0e6-6da5d2fa8324,TOWN
4c3e642b-bd1d-4e27-8b0d-f210fadb8ca8,Phường Văn Chương,010606,5cf08ad4-5788-4243-a0e6-6da5d2fa8324,TOWN
c7d0d245-79c5-42e6-99d2-373ab00fcb3b,Phường Hàng Bột,010607,5cf08ad4-5788-4243-a0e6-6da5d2fa8324,TOWN
afbc2068-7345-4f52-b0d2-c2c2f70f4f9d,Phường Láng Hạ,010608,5cf08ad4-5788-4243-a0e6-6da5d2fa8324,TOWN
30d712a7-63a0-4c8e-bcab-1d7dedee83ef,Phường Khâm Thiên,010609,5cf08ad4-5788-4243-a0e6-6da5d2fa8324,TOWN
a5b037c0-a31f-44cf-bbdb-a8526775ea5a,Phường Thổ Quan,010610,5cf08ad4-5788-4243-a0e6-6da5d2fa8324,TOWN
ccd0eebf-7f8e-46c6-a0b4-e79a71f76efd,Quận Hai Bà Trưng,0107,abb61a29-53f5-44a8-afdb-1ab9b9dab865,DISTRICT
d7cbaa1d-5fa9-4978-9f57-c79f5841de24,Phường Nguyễn Du,010701,ccd0eebf-7f8e-46c6-a0b4-e79a71f76efd,TOWN
10c9dc05-929a-4a83-934d-6e3622efa010,Phường Bạch Đằng,010702,ccd0eebf-7f8e-46c6-a0b4-e79a71f76efd,TOWN
2b827787-c9c3-4625-8dac-90161702827e,Phường Phạm Đình Hổ,010703,ccd0eebf-7f8e-46c6-a0b4-e79a71f76efd,TOWN
9475fd28-9fcb-452d-9e4e-0d45c47090f4,Phường Lê Đại Hành,010704,ccd0eebf-7f8e-46c6-a0b4-e79a71f76efd,TOWN
994643c1-d7b6-452c-9274-3df4763b3d32,Phường Đồng Nhân,010705,ccd0eebf-7f8e-46c6-a0b4-e79a71f76efd,TOWN
fb525341-90a0-4e1b-8afb-9d52e291e358,Phường Phố Huế,010706,ccd0eebf-7f8e-46c6-a0b4-e79a71f76efd,TOWN
351079ea-30d9-4ac5-a012-4e90228b5daf,Phường Đống Mác,010707,ccd0eebf-7f8e-46c6-a0b4-e79a71f76efd,TOWN
ad449e9e-24f2-4e00-93d1-b6290bd8d7ed,Phường Thanh Lương,010708,ccd0eebf-7f8e-46c6-a0b4-e79a71f76efd,TOWN
98dc834e-9648-41aa-b937-ace8ccef49db,Phường Thanh Nhàn,010709,ccd0eebf-7f8e-46c6-a0b4-e79a71f76efd,TOWN
3435d696-9b04-4ba2-bac7-2d61d97dfe57,Phường Cầu Dền,010710,ccd0eebf-7f8e-46c6-a0b4-e79a71f76efd,TOWN
c1f1616c-8e7b-412e-8352-d03c972c2322,Quận Hoàng Mai,0108,abb61a29-53f5-44a8-afdb-1ab9b9dab865,DISTRICT
72a74d62-4b04-40b3-b554-2f409f89964d,Phường Thanh Trì,010801,c1f1616c-8e7b-412e-8352-d03c972c2322,TOWN
cfa977b5-6709-4b33-bf33-b19fe5fd8ed7,Phường Vĩnh Hưng,010802,c1f1616c-8e7b-412e-8352-d03c972c2322,TOWN
e9a1b903-5152-47c3-8609-20c96d115a44,Phường Định Công,010803,c1f1616c-8e7b-412e-8352-d03c972c2322,TOWN
abc03564-deaa-4f25-add5-dfbf11d4f09b,Phường Mai Động,010804,c1f1616c-8e7b-412e-8352-d03c972c2322,TOWN
77e68188-0da3-4dee-90d4-b2779f5ae120,Phường Tương Mai,010805,c1f1616c-8e7b-412e-8352-d03c972c2322,TOWN
3d07b750-847d-48d2-a04c-50cd554af5ac,Phường Đại Kim,010806,c1f1616c-8e7b-412e-8352-d03c972c2322,TOWN
3eb61fb5-4140-468a-b05d-7d846fc38f5e,Phường Tân Mai,010807,c1f1616c-8e7b-412e-8352-d03c972c2322,TOWN
279e80b9-d7d7-4005-acc8-3b9f427c86ab,Phường Hoàng Văn Thụ,010808,c1f1616c-8e7b-412e-8352-d03c972c2322,TOWN
0c827885-240e-4148-9921-5c9e8fdcbe02,Phường Giáp Bát,010809,c1f1616c-8e7b-412e-8352-d03c972c2322,TOWN
46ecf2f7-cdb0-4237-b28a-442a1107c833,Phường Lĩnh Nam,010810,c1f1616c-8e7b-412e-8352-d03c972c2322,TOWN
18917370-7f8c-4de4-b9e7-1c0bb004badc,Quận Thanh Xuân,0109,abb61a29-53f5-44a8-afdb-1ab9b9dab865,DISTRICT
b7baab9b-946e-41d5-9b7b-b6dd4250d18d,Phường Nhân Chính,010901,18917370-7f8c-4de4-b9e7-1c0bb004badc,TOWN
4cc87856-d130-4e3d-9aa6-c6345dbd3e68,Phường Thượng Đình,010902,18917370-7f8c-4de4-b9e7-1c0bb004badc,TOWN
166e03e7-3ee8-46c4-b9ed-029a7ac71a63,Phường Khương Trung,010903,18917370-7f8c-4de4-b9e7-1c0bb004badc,TOWN
f8e29056-1c82-430c-9827-107024a78e6a,Phường Khương Mai,010904,18917370-7f8c-4de4-b9e7-1c0bb004badc,TOWN
953cb0a8-90c0-448b-8789-ab2421c14653,Phường Thanh Xuân Trung,010905,18917370-7f8c-4de4-b9e7-1c0bb004badc,TOWN
7c133073-7698-453d-b5b7-947644761827,Phường Phương Liệt,010906,18917370-7f8c-4de4-b9e7-1c0bb004badc,TOWN
9a582d24-5dc1-41c9-9699-96978fd594f4,Phường Hạ Đình,010907,18917370-7f8c-4de4-b9e7-1c0bb004badc,TOWN
b26353a9-50d9-4ec2-9d87-d73be2810098,Phường Khương Đình,010908,18917370-7f8c-4de4-b9e7-1c0bb004badc,TOWN
9d587962-7275-4e05-9804-d2a4b647b7d0,Phường Thanh Xuân Bắc,010909,18917370-7f8c-4de4-b9e7-1c0bb004badc,TOWN
f32464d5-a233-44fe-b6f5-a96069e2809d,Phường Thanh Xuân Nam,010910,18917370-7f8c-4de4-b9e7-1c0bb004badc,TOWN
288d832f-2281-40ae-8023-4ffbb7527064,Huyện Sóc Sơn,0110,abb61a29-53f5-44a8-afdb-1ab9b9dab865,DISTRICT
6a31b531-1bb5-496a-b00f-d7cf6161bf6f,Thị trấn Sóc Sơn,011001,288d832f-2281-40ae-8023-4ffbb7527064,TOWN
a3f33d2e-a551-4cef-9737-994a0b9e17b3,Xã Bắc Sơn,011002,288d832f-2281-40ae-8023-4ffbb7527064,TOWN
d80ffc29-44dc-442f-bbda-007ed0e23333,Xã Minh Trí,011003,288d832f-2281-40ae-8023-4ffbb7527064,TOWN
e1ccb871-98fd-4279-a578-caeca947f445,Xã Hồng Kỳ,011004,288d832f-2281-40ae-8023-4ffbb7527064,TOWN
abf63cb2-d8dd-4225-aa74-b800ef85a76e,Xã Nam Sơn,011005,288d832f-2281-40ae-8023-4ffbb7527064,TOWN
640781c1-02bd-4cf4-ab43-1a05de51542e,Xã Trung Giã,011006,288d832f-2281-40ae-8023-4ffbb7527064,TOWN
93abf6cc-4a8e-4dee-8a0e-abded1a7b017,Xã Tân Hưng,011007,288d832f-2281-40ae-8023-4ffbb7527064,TOWN
5f121c5a-9397-47d8-b43a-7775da0dd433,Xã Minh Phú,011008,288d832f-2281-40ae-8023-4ffbb7527064,TOWN
da3e24ea-96b1-4c8b-92e1-f25ee9106590,Xã Phù Linh,011009,288d832f-2281-40ae-8023-4ffbb7527064,TOWN
44b8550e-6c4a-40fc-9048-df1da23abee2,Xã Bắc Phú,011010,288d832f-2281-40ae-8023-4ffbb7527064,TOWN
0edfc7aa-109e-495e-a0ef-c1d4b9638457,Tỉnh Hà Giang,02,00000000-0000-0000-0000-000000000000,CITY
459a3f8b-d437-4a29-8db6-62a5f7d92544,Thành phố Hà Giang,0201,0edfc7aa-109e-495e-a0ef-c1d4b9638457,DISTRICT
ddcdfb76-ca4d-4817-b860-0f6e2246b301,Xã Ngọc Đường,020101,459a3f8b-d437-4a29-8db6-62a5f7d92544,TOWN
d7ebb8ec-f30c-4ebb-a4b1-b02b5b129675,Xã Phương Độ,020102,459a3f8b-d437-4a29-8db6-62a5f7d92544,TOWN
f7a15426-23bc-458f-9c12-2407ce175284,Xã Phương Thiện,020103,459a3f8b-d437-4a29-8db6-62a5f7d92544,TOWN
1df0351c-dd96-4a43-94aa-80bc791db11a,Huyện Đồng Văn,0202,0edfc7aa-109e-495e-a0ef-c1d4b9638457,DISTRICT
c7da8db7-aa54-4d8a-9b6b-078c64b697d5,Thị trấn Phó Bảng,020201,1df0351c-dd96-4a43-94aa-80bc791db11a,TOWN
adf4c8af-0428-44ed-ae52-233603399b68,Xã Lũng Cú,020202,1df0351c-dd96-4a43-94aa-80bc791db11a,TOWN
eea04c90-531c-4e2e-a2ce-045d1b221521,Xã Má Lé,020203,1df0351c-dd96-4a43-94aa-80bc791db11a,TOWN
848541d5-8c3f-4c20-860a-4e26839c0dc0,Thị trấn Đồng Văn,020204,1df0351c-dd96-4a43-94aa-80bc791db11a,TOWN
73c96f17-72a3-4dbe-aa84-0a1aec950362,Xã Lũng Táo,020205,1df0351c-dd96-4a43-94aa-80bc791db11a,TOWN
d568011d-b213-4b67-9a8b-3f9b44b75528,Xã Phố Là,020206,1df0351c-dd96-4a43-94aa-80bc791db11a,TOWN
5acbcd5b-e5c9-4df6-ac9a-16ea0c875274,Xã Thài Phìn Tủng,020207,1df0351c-dd96-4a43-94aa-80bc791db11a,TOWN
5572e8d6-8ee5-446b-93c0-6723bdbfd9b8,Xã Sủng Là,020208,1df0351c-dd96-4a43-94aa-80bc791db11a,TOWN
bc17170f-e23e-4ad7-8036-d06d7bd48f1d,Xã Xà Phìn,020209,1df0351c-dd96-4a43-94aa-80bc791db11a,TOWN
cfb08b17-94c9-4d24-b69f-f1c2c59c95b2,Xã Tả Phìn,020210,1df0351c-dd96-4a43-94aa-80bc791db11a,TOWN
5382014a-5302-4808-8419-6497de7b8389,Huyện Mèo Vạc,0203,0edfc7aa-109e-495e-a0ef-c1d4b9638457,DISTRICT
07be5bf8-951b-4333-a3ba-a48aa49e48e2,Thị trấn Mèo Vạc,020301,5382014a-5302-4808-8419-6497de7b8389,TOWN
edd72ff9-b760-4f84-9b36-c120df56f3a2,Xã Thượng Phùng,020302,5382014a-5302-4808-8419-6497de7b8389,TOWN
18915f86-9715-4e61-af6d-53304b012249,Xã Pải Lủng,020303,5382014a-5302-4808-8419-6497de7b8389,TOWN
94f11d2f-ec51-400d-b8d0-d632759055d2,Xã Xín Cái,020304,5382014a-5302-4808-8419-6497de7b8389,TOWN
9af7132e-8f6c-4288-9d1a-b315349b3a83,Xã Pả Vi,020305,5382014a-5302-4808-8419-6497de7b8389,TOWN
9c77065b-29ba-4ed2-b350-fccdb6dad41f,Xã Giàng Chu Phìn,020306,5382014a-5302-4808-8419-6497de7b8389,TOWN
232849a1-18a0-46b2-a052-f0d71489e826,Xã Sủng Trà,020307,5382014a-5302-4808-8419-6497de7b8389,TOWN
1d4180db-1ffd-4038-8be6-e6cbd7443cde,Xã Sủng Máng,020308,5382014a-5302-4808-8419-6497de7b8389,TOWN
c683c8f7-f476-4fe5-8255-ffb7b39d49b0,Xã Sơn Vĩ,020309,5382014a-5302-4808-8419-6497de7b8389,TOWN
bb4d3a3e-1b56-4c48-8761-f51610a39d3b,Xã Cán Chu Phìn,020310,5382014a-5302-4808-8419-6497de7b8389,TOWN
7b9465f9-b6e1-428a-88ed-b7951748350e,Huyện Yên Minh,0204,0edfc7aa-109e-495e-a0ef-c1d4b9638457,DISTRICT
82d569eb-a559-4a77-8de1-ab67ccdb806f,Thị trấn Yên Minh,020401,7b9465f9-b6e1-428a-88ed-b7951748350e,TOWN
4f27d9b5-21ef-49ee-931c-768d7ecadddf,Xã Thắng Mố,020402,7b9465f9-b6e1-428a-88ed-b7951748350e,TOWN
2ea5bd3a-516d-4105-a254-e56e5956be68,Xã Phú Lũng,020403,7b9465f9-b6e1-428a-88ed-b7951748350e,TOWN
ceeab839-4906-4735-87a0-06c8ca3b78f6,Xã Sủng Tráng,020404,7b9465f9-b6e1-428a-88ed-b7951748350e,TOWN
3c7f3e60-843a-48f1-985c-95f8f1d9ac5f,Xã Bạch Đích,020405,7b9465f9-b6e1-428a-88ed-b7951748350e,TOWN
e3b9d34e-2ab9-4956-885c-973b9c28c72e,Xã Na Khê,020406,7b9465f9-b6e1-428a-88ed-b7951748350e,TOWN
f31412cb-95dc-4891-bf9c-56a37ac02f60,Xã Sủng Thài,020407,7b9465f9-b6e1-428a-88ed-b7951748350e,TOWN
d1945362-2913-4e76-97c4-8d21a2f82fae,Xã Hữu Vinh,020408,7b9465f9-b6e1-428a-88ed-b7951748350e,TOWN
4fd26f93-d105-4879-9dee-e3c9a2bbe984,Xã Lao Và Chải,020409,7b9465f9-b6e1-428a-88ed-b7951748350e,TOWN
15a0c53f-1c7e-45b0-9398-acd18b8bc43f,Xã Mậu Duệ,020410,7b9465f9-b6e1-428a-88ed-b7951748350e,TOWN
52b3fe79-0718-4598-a309-2d51df08f81d,Huyện Quản Bạ,0205,0edfc7aa-109e-495e-a0ef-c1d4b9638457,DISTRICT
7dfa4347-4208-45cf-ab31-9a00d7652e54,Thị trấn Tam Sơn,020501,52b3fe79-0718-4598-a309-2d51df08f81d,TOWN
b042452c-7100-4b21-82d7-2fd125c84cda,Xã Bát Đại Sơn,020502,52b3fe79-0718-4598-a309-2d51df08f81d,TOWN
4880c816-f6d8-40a4-bdaf-857a28edb0e7,Xã Nghĩa Thuận,020503,52b3fe79-0718-4598-a309-2d51df08f81d,TOWN
f992f0a7-b072-485d-b07a-936f6a37c9c6,Xã Cán Tỷ,020504,52b3fe79-0718-4598-a309-2d51df08f81d,TOWN
1fa8f5da-c56a-4430-ac00-36d982bf4bcc,Xã Cao Mã Pờ,020505,52b3fe79-0718-4598-a309-2d51df08f81d,TOWN
08487da1-c5ba-4d2b-a083-c67150208c8e,Xã Thanh Vân,020506,52b3fe79-0718-4598-a309-2d51df08f81d,TOWN
28445e96-81ac-4fd6-89a7-938bd088fd70,Xã Tùng Vài,020507,52b3fe79-0718-4598-a309-2d51df08f81d,TOWN
7c509d44-947d-4ac4-9fd8-e4921b34a209,Xã Đông Hà,020508,52b3fe79-0718-4598-a309-2d51df08f81d,TOWN
e8ec82b4-11a8-4f9f-8976-3fed35cfe648,Xã Quản Bạ,020509,52b3fe79-0718-4598-a309-2d51df08f81d,TOWN
ce572baa-0895-49b8-b6d3-ae60cc3cd441,Xã Lùng Tám,020510,52b3fe79-0718-4598-a309-2d51df08f81d,TOWN
7526d5b8-0ac4-4bac-8a60-b9f6e73f1841,Huyện Vị Xuyên,0206,0edfc7aa-109e-495e-a0ef-c1d4b9638457,DISTRICT
de360c07-0652-4dcd-9030-0ba94b6af029,Xã Kim Thạch,020601,7526d5b8-0ac4-4bac-8a60-b9f6e73f1841,TOWN
80803eda-85a5-481e-9479-997df923b5b4,Xã Phú Linh,020602,7526d5b8-0ac4-4bac-8a60-b9f6e73f1841,TOWN
a7b73a6a-0123-497b-a5b8-375b7a630d87,Xã Kim Linh,020603,7526d5b8-0ac4-4bac-8a60-b9f6e73f1841,TOWN
fae15b85-5ea5-44a1-94cd-bb8eb82586d5,Thị trấn Vị Xuyên,020604,7526d5b8-0ac4-4bac-8a60-b9f6e73f1841,TOWN
9b32f2bd-f098-412c-91e9-9422a5c9597a,Thị trấn Nông Trường Việt Lâm,020605,7526d5b8-0ac4-4bac-8a60-b9f6e73f1841,TOWN
7039882d-3306-4ecc-b3f7-95c096b84284,Xã Thuận Hoà,020606,7526d5b8-0ac4-4bac-8a60-b9f6e73f1841,TOWN
8354baec-7cb9-4303-ac40-f0af1df069ef,Xã Tùng Bá,020607,7526d5b8-0ac4-4bac-8a60-b9f6e73f1841,TOWN
195ad0c7-344a-4f0d-89be-7f8f83542553,Xã Thanh Thủy,020608,7526d5b8-0ac4-4bac-8a60-b9f6e73f1841,TOWN
202e0b0e-ee95-4548-8f10-2e5f3b23645d,Xã Thanh Đức,020609,7526d5b8-0ac4-4bac-8a60-b9f6e73f1841,TOWN
377f7bf8-7b7b-480b-8f7c-665a9d34e5e6,Xã Phong Quang,020610,7526d5b8-0ac4-4bac-8a60-b9f6e73f1841,TOWN
e419a781-ca12-4ed3-abf6-505580e57e48,Huyện Bắc Mê,0207,0edfc7aa-109e-495e-a0ef-c1d4b9638457,DISTRICT
288e4f3c-bd84-40de-aa9e-33792c3c0563,Xã Minh Sơn,020701,e419a781-ca12-4ed3-abf6-505580e57e48,TOWN
f980298e-ef1c-4717-a7f7-5c1ee7550433,Xã Giáp Trung,020702,e419a781-ca12-4ed3-abf6-505580e57e48,TOWN
ccd150f0-ea8b-4a7c-af6c-9565841f85a4,Xã Yên Định,020703,e419a781-ca12-4ed3-abf6-505580e57e48,TOWN
7a9551dd-aeb8-4466-a963-e28327ea2d6f,Thị trấn Yên Phú,020704,e419a781-ca12-4ed3-abf6-505580e57e48,TOWN
3714660e-ab14-4af9-b14c-1715a0d85d72,Xã Minh Ngọc,020705,e419a781-ca12-4ed3-abf6-505580e57e48,TOWN
b18fc887-5590-4d14-8bc1-ad27f18fa434,Xã Yên Phong,020706,e419a781-ca12-4ed3-abf6-505580e57e48,TOWN
c596e5e7-6a71-4818-a38f-b3ee8cc6f2c4,Xã Lạc Nông,020707,e419a781-ca12-4ed3-abf6-505580e57e48,TOWN
be313d6c-aabc-4fcb-b8e4-476b420412c1,Xã Phú Nam,020708,e419a781-ca12-4ed3-abf6-505580e57e48,TOWN
8986e6c7-0ddb-4410-8a2b-2959c24bcf98,Xã Yên Cường,020709,e419a781-ca12-4ed3-abf6-505580e57e48,TOWN
417972ce-ac0e-4356-b003-d6de6e26fa83,Xã Thượng Tân,020710,e419a781-ca12-4ed3-abf6-505580e57e48,TOWN
b574dc80-ca46-48e9-8c93-59daa1fe7f57,Huyện Hoàng Su Phì,0208,0edfc7aa-109e-495e-a0ef-c1d4b9638457,DISTRICT
f150ec25-e734-4216-a648-2e8e35762810,Thị trấn Vinh Quang,020801,b574dc80-ca46-48e9-8c93-59daa1fe7f57,TOWN
21137253-2839-4b5e-baee-3ce36e505b16,Xã Bản Máy,020802,b574dc80-ca46-48e9-8c93-59daa1fe7f57,TOWN
df241b37-1562-466e-ad1f-ac7458206d37,Xã Thàng Tín,020803,b574dc80-ca46-48e9-8c93-59daa1fe7f57,TOWN
7874a844-07eb-4628-9ec9-6495c6f74d13,Xã Thèn Chu Phìn,020804,b574dc80-ca46-48e9-8c93-59daa1fe7f57,TOWN
ec0c33eb-1ce5-45fa-b12a-285bd04b7138,Xã Pố Lồ,020805,b574dc80-ca46-48e9-8c93-59daa1fe7f57,TOWN
fb52ee9a-df29-4326-9f87-0786cfa442a6,Xã Bản Phùng,020806,b574dc80-ca46-48e9-8c93-59daa1fe7f57,TOWN
a50902e3-9375-48ff-b2fe-a04966566eee,Xã Túng Sán,020807,b574dc80-ca46-48e9-8c93-59daa1fe7f57,TOWN
5befcf1b-1bba-4039-a7fa-51c08f3f1e04,Xã Chiến Phố,020808,b574dc80-ca46-48e9-8c93-59daa1fe7f57,TOWN
e0ced63f-5f8f-408a-9b5b-9234b3206dd6,Xã Đản Ván,020809,b574dc80-ca46-48e9-8c93-59daa1fe7f57,TOWN
6acd0cba-4d0a-4054-93db-4c5b98f57d62,Xã Tụ Nhân,020810,b574dc80-ca46-48e9-8c93-59daa1fe7f57,TOWN
5b4c8a3d-5eb1-44dc-b3a1-ab6d3ab708bb,Huyện Xín Mần,0209,0edfc7aa-109e-495e-a0ef-c1d4b9638457,DISTRICT
cece2623-64c8-40c9-b8dd-15f1a5b0c11a,Thị trấn Cốc Pài,020901,5b4c8a3d-5eb1-44dc-b3a1-ab6d3ab708bb,TOWN
328b0dc4-14f3-45dd-9af6-a554ddbf354c,Xã Nàn Xỉn,020902,5b4c8a3d-5eb1-44dc-b3a1-ab6d3ab708bb,TOWN
c5b70cbb-febe-4940-a4cd-e415b09624b7,Xã Bản Díu,020903,5b4c8a3d-5eb1-44dc-b3a1-ab6d3ab708bb,TOWN
846aa921-4ed9-4bad-ba3f-7f980aaa7510,Xã Chí Cà,020904,5b4c8a3d-5eb1-44dc-b3a1-ab6d3ab708bb,TOWN
5e3d700c-b6d2-4ad4-bcc6-82de623d9dfc,Xã Xín Mần,020905,5b4c8a3d-5eb1-44dc-b3a1-ab6d3ab708bb,TOWN
ed3ba2c2-aa30-4b4a-a6a6-af01f4ea4f5c,Xã Thèn Phàng,020906,5b4c8a3d-5eb1-44dc-b3a1-ab6d3ab708bb,TOWN
b2d3fca5-d813-441c-a619-4ea41f394067,Xã Trung Thịnh,020907,5b4c8a3d-5eb1-44dc-b3a1-ab6d3ab708bb,TOWN
6cbafa38-781b-4045-b391-b67aedcde54f,Xã Pà Vầy Sủ,020908,5b4c8a3d-5eb1-44dc-b3a1-ab6d3ab708bb,TOWN
c7563616-9e78-4da6-a2dc-50785f61541e,Xã Cốc Rế,020909,5b4c8a3d-5eb1-44dc-b3a1-ab6d3ab708bb,TOWN
8ad28eb5-ff7a-43d8-91cb-beb307743142,Xã Thu Tà,020910,5b4c8a3d-5eb1-44dc-b3a1-ab6d3ab708bb,TOWN
bfb6fb27-f2da-4193-a1ca-12348a83b122,Huyện Bắc Quang,0210,0edfc7aa-109e-495e-a0ef-c1d4b9638457,DISTRICT
c500cd92-585a-4d97-945a-1e728cfa8610,Thị trấn Việt Quang,021001,bfb6fb27-f2da-4193-a1ca-12348a83b122,TOWN
9fa70a4a-bd1a-4969-b0dd-467002b64ae2,Thị trấn Vĩnh Tuy,021002,bfb6fb27-f2da-4193-a1ca-12348a83b122,TOWN
1bb54cab-a2d1-4a41-a5ec-9df8a490c743,Xã Tân Thành,021003,bfb6fb27-f2da-4193-a1ca-12348a83b122,TOWN
c447f341-7a71-464c-9823-98482c7affda,Xã Tân Quang,021004,bfb6fb27-f2da-4193-a1ca-12348a83b122,TOWN
aed46f87-386a-4385-8b6f-82f5f72c0905,Xã Thượng Bình,021005,bfb6fb27-f2da-4193-a1ca-12348a83b122,TOWN
f4358610-f8bd-4061-8a5f-51a68587d1d5,Xã Hữu Sản,021006,bfb6fb27-f2da-4193-a1ca-12348a83b122,TOWN
671a1269-e486-453f-8411-cd702c2015e8,Xã Kim Ngọc,021007,bfb6fb27-f2da-4193-a1ca-12348a83b122,TOWN
d1be05f7-f5c3-46cc-81ac-1e2f64438968,Xã Việt Vinh,021008,bfb6fb27-f2da-4193-a1ca-12348a83b122,TOWN
2e3b0a2a-45e2-4c4a-8ad5-3bf40893de44,Xã Bằng Hành,021009,bfb6fb27-f2da-4193-a1ca-12348a83b122,TOWN
26741a95-f34d-4e45-8f3a-81889cdbc4f3,Xã Quang Minh,021010,bfb6fb27-f2da-4193-a1ca-12348a83b122,TOWN
35bc69a6-1a46-4060-ae5e-3352fe21426b,Tỉnh Cao Bằng,03,00000000-0000-0000-0000-000000000000,CITY
2eed7d62-9a92-445f-8b8c-e109550682dd,Thành phố Cao Bằng,0301,35bc69a6-1a46-4060-ae5e-3352fe21426b,DISTRICT
8646bcc2-0620-43f5-a236-01969d881b3b,Phường Sông Hiến,030101,2eed7d62-9a92-445f-8b8c-e109550682dd,TOWN
72923d30-0e74-4435-bac3-8f1abc1fde7b,Phường Sông Bằng,030102,2eed7d62-9a92-445f-8b8c-e109550682dd,TOWN
2ceef883-4c17-49bd-9b2f-bfafde6131f5,Phường Hợp Giang,030103,2eed7d62-9a92-445f-8b8c-e109550682dd,TOWN
76f22525-cd3e-4fdd-8369-3b6c94ae6ff1,Phường Tân Giang,030104,2eed7d62-9a92-445f-8b8c-e109550682dd,TOWN
b90894c0-5e30-4714-ac01-f51157cfbc07,Phường Ngọc Xuân,030105,2eed7d62-9a92-445f-8b8c-e109550682dd,TOWN
d45c4262-a1bf-4c70-b906-f5ea4bc3ce4f,Phường Đề Thám,030106,2eed7d62-9a92-445f-8b8c-e109550682dd,TOWN
f0e99eda-f8df-47f8-8640-c513d9aace4e,Phường Hoà Chung,030107,2eed7d62-9a92-445f-8b8c-e109550682dd,TOWN
0afa7ce5-421a-4d78-b4fd-1ff199fa226d,Phường Duyệt Trung,030108,2eed7d62-9a92-445f-8b8c-e109550682dd,TOWN
a1037f78-47b2-481e-bcb0-b16655f4f179,Xã Vĩnh Quang,030109,2eed7d62-9a92-445f-8b8c-e109550682dd,TOWN
3b0f2bc0-1beb-447b-a88f-3c8174cc8f40,Xã Hưng Đạo,030110,2eed7d62-9a92-445f-8b8c-e109550682dd,TOWN
0ad42245-f129-49c5-8206-9b7fff97a394,Huyện Bảo Lâm,0302,35bc69a6-1a46-4060-ae5e-3352fe21426b,DISTRICT
4b83e894-2442-470d-9ef8-f274ad9ac7f8,Thị trấn Pác Miầu,030201,0ad42245-f129-49c5-8206-9b7fff97a394,TOWN
9563aa0f-1fc5-4f52-96cb-3cfcc19f46af,Xã Đức Hạnh,030202,0ad42245-f129-49c5-8206-9b7fff97a394,TOWN
e15d1576-5518-4f17-bd52-5ac6bf0758e1,Xã Lý Bôn,030203,0ad42245-f129-49c5-8206-9b7fff97a394,TOWN
bb04a7d6-806a-4b40-8d38-bb526ea59d71,Xã Nam Cao,030204,0ad42245-f129-49c5-8206-9b7fff97a394,TOWN
4816817b-b5ed-4cb1-8f87-b84fb6e7eb35,Xã Nam Quang,030205,0ad42245-f129-49c5-8206-9b7fff97a394,TOWN
03970c92-3874-4fdf-b0be-8c11c043fbfb,Xã Quảng Lâm,030206,0ad42245-f129-49c5-8206-9b7fff97a394,TOWN
8d3cc025-7b87-46dd-b64b-b6f2f87f88b2,Xã Thạch Lâm,030207,0ad42245-f129-49c5-8206-9b7fff97a394,TOWN
264ba52f-bf9f-41e8-bef6-4f1fa8144a7e,Xã Vĩnh Phong,030208,0ad42245-f129-49c5-8206-9b7fff97a394,TOWN
98b2e89f-36ed-4c76-9770-18d04b489791,Xã Mông Ân,030209,0ad42245-f129-49c5-8206-9b7fff97a394,TOWN
d64f1fb0-7bbc-459f-a09b-bb4b5a86bfc8,Xã Thái Học,030210,0ad42245-f129-49c5-8206-9b7fff97a394,TOWN
c087391c-3c3e-4f33-8792-c32b722adfdf,Huyện Bảo Lạc,0303,35bc69a6-1a46-4060-ae5e-3352fe21426b,DISTRICT
d6bd8634-8317-40d9-b765-41e4b62400f4,Thị trấn Bảo Lạc,030301,c087391c-3c3e-4f33-8792-c32b722adfdf,TOWN
c05d154b-a786-4bd8-909d-1eb7a2129c4b,Xã Cốc Pàng,030302,c087391c-3c3e-4f33-8792-c32b722adfdf,TOWN
afeb98be-d881-4516-b5d5-d8646c879f91,Xã Thượng Hà,030303,c087391c-3c3e-4f33-8792-c32b722adfdf,TOWN
dbe4fd15-6a94-457e-bb75-3e68c56dab61,Xã Cô Ba,030304,c087391c-3c3e-4f33-8792-c32b722adfdf,TOWN
a009f739-f381-4446-ae76-0e0d47a82da9,Xã Bảo Toàn,030305,c087391c-3c3e-4f33-8792-c32b722adfdf,TOWN
0e1b6e79-2245-4ee9-b984-7afe8005eb0f,Xã Khánh Xuân,030306,c087391c-3c3e-4f33-8792-c32b722adfdf,TOWN
1c7b40fc-7f90-4af7-9253-c3cdd5ac2088,Xã Xuân Trường,030307,c087391c-3c3e-4f33-8792-c32b722adfdf,TOWN
14350615-6436-4fea-a591-4e10fa4ed3d4,Xã Hồng Trị,030308,c087391c-3c3e-4f33-8792-c32b722adfdf,TOWN
3c1e268a-7306-4deb-9b2c-7ac26b15d7b5,Xã Kim Cúc,030309,c087391c-3c3e-4f33-8792-c32b722adfdf,TOWN
421f798e-a261-4c06-ba40-e84919a4d73e,Xã Phan Thanh,030310,c087391c-3c3e-4f33-8792-c32b722adfdf,TOWN
720266fa-5eee-47fc-886e-9684e5b34d84,Huyện Hà Quảng,0304,35bc69a6-1a46-4060-ae5e-3352fe21426b,DISTRICT
1f400071-3322-4b75-b4d7-8e2e7657e65e,Thị trấn Thông Nông,030401,720266fa-5eee-47fc-886e-9684e5b34d84,TOWN
4bafc688-7273-4ae4-9fd5-732fbf2e6701,Xã Cần Yên,030402,720266fa-5eee-47fc-886e-9684e5b34d84,TOWN
cdc7d027-154d-4aeb-800a-673db617cdf6,Xã Cần Nông,030403,720266fa-5eee-47fc-886e-9684e5b34d84,TOWN
ba923844-938a-470e-9a69-75a319861c9a,Xã Lương Thông,030404,720266fa-5eee-47fc-886e-9684e5b34d84,TOWN
2de6b67d-1f76-4123-a28d-f160bfc0b9d5,Xã Đa Thông,030405,720266fa-5eee-47fc-886e-9684e5b34d84,TOWN
694865d3-67ae-4dc9-b45c-0082ac4be487,Xã Ngọc Động,030406,720266fa-5eee-47fc-886e-9684e5b34d84,TOWN
624a9641-0327-4379-a0cc-423e0ad521d4,Xã Lương Can,030407,720266fa-5eee-47fc-886e-9684e5b34d84,TOWN
109f98ef-d7eb-491f-84f2-2743ff3b2e10,Xã Thanh Long,030408,720266fa-5eee-47fc-886e-9684e5b34d84,TOWN
f2b8918c-baf6-43a6-b0fa-3d3d02db8bb9,Thị trấn Xuân Hòa,030409,720266fa-5eee-47fc-886e-9684e5b34d84,TOWN
022a1676-6cdc-4577-9d23-43ff9e94736e,Xã Lũng Nặm,030410,720266fa-5eee-47fc-886e-9684e5b34d84,TOWN
dca0cba0-3fe5-49ad-bdbd-30deb50ce206,Huyện Trùng Khánh,0305,35bc69a6-1a46-4060-ae5e-3352fe21426b,DISTRICT
bcea9d0d-6393-46c9-806c-f8a7a03ef85f,Thị trấn Trà Lĩnh,030501,dca0cba0-3fe5-49ad-bdbd-30deb50ce206,TOWN
0c13a0bc-46eb-40d5-80a7-f66e21478649,Xã Tri Phương,030502,dca0cba0-3fe5-49ad-bdbd-30deb50ce206,TOWN
5b5d4a1c-b087-4368-8c57-34f7db0d6e68,Xã Quang Hán,030503,dca0cba0-3fe5-49ad-bdbd-30deb50ce206,TOWN
69fbe900-8086-4e5e-ad1d-17548de24a75,Xã Xuân Nội,030504,dca0cba0-3fe5-49ad-bdbd-30deb50ce206,TOWN
4fa8714b-6d8a-4e2e-8173-74e68b5bd055,Xã Quang Vinh,030505,dca0cba0-3fe5-49ad-bdbd-30deb50ce206,TOWN
0e2dde89-45d4-46ab-8b4f-15dc8adb03ae,Xã Cao Chương,030506,dca0cba0-3fe5-49ad-bdbd-30deb50ce206,TOWN
058eab92-cc35-46f5-8183-a23dd39b4c19,Thị trấn Trùng Khánh,030507,dca0cba0-3fe5-49ad-bdbd-30deb50ce206,TOWN
a5fa30b6-9fb4-42a4-8c26-569e591411de,Xã Ngọc Khê,030508,dca0cba0-3fe5-49ad-bdbd-30deb50ce206,TOWN
f482d1b2-207c-4e07-b01c-dc45cc0ae662,Xã Ngọc Côn,030509,dca0cba0-3fe5-49ad-bdbd-30deb50ce206,TOWN
9bf6c371-a39e-4bff-a909-2a98fb3c2a31,Xã Phong Nậm,030510,dca0cba0-3fe5-49ad-bdbd-30deb50ce206,TOWN
20661088-5c58-4b7f-acc2-adc801f34d7c,Huyện Hạ Lang,0306,35bc69a6-1a46-4060-ae5e-3352fe21426b,DISTRICT
e43cd71c-3b20-43bc-a649-6b5028598805,Xã Minh Long,030601,20661088-5c58-4b7f-acc2-adc801f34d7c,TOWN
28262024-a4d1-4a8f-96fd-7b5c2da29b86,Xã Lý Quốc,030602,20661088-5c58-4b7f-acc2-adc801f34d7c,TOWN
90442323-cfb0-466b-b15a-e10af05c92ce,Xã Đồng Loan,030603,20661088-5c58-4b7f-acc2-adc801f34d7c,TOWN
30ff5c0c-b598-4f3f-ae63-3e00c7ff360f,Xã Đức Quang,030604,20661088-5c58-4b7f-acc2-adc801f34d7c,TOWN
88a11970-cb84-48f5-b4f8-6aa59881efdf,Xã Kim Loan,030605,20661088-5c58-4b7f-acc2-adc801f34d7c,TOWN
ad846afe-c5f6-4414-8e1e-70c44c4da721,Xã Quang Long,030606,20661088-5c58-4b7f-acc2-adc801f34d7c,TOWN
f96bf724-5b3b-4081-b00a-0f3b7ad701f5,Xã An Lạc,030607,20661088-5c58-4b7f-acc2-adc801f34d7c,TOWN
bb08555f-af9b-48a4-adf2-a29052bc1a19,Thị trấn Thanh Nhật,030608,20661088-5c58-4b7f-acc2-adc801f34d7c,TOWN
ae0509d3-0d47-41dd-96d6-4fc66524ae29,Xã Vinh Quý,030609,20661088-5c58-4b7f-acc2-adc801f34d7c,TOWN
c97d3c33-6ec1-4560-a63a-c987d76e73a3,Xã Cô Ngân,030610,20661088-5c58-4b7f-acc2-adc801f34d7c,TOWN
c3ae62ec-b392-4d9e-ae3f-58bc8978d60b,Huyện Quảng Hòa,0307,35bc69a6-1a46-4060-ae5e-3352fe21426b,DISTRICT
b42baa6a-7ef2-4add-9941-53d4b9370131,Xã Quốc Toản,030701,c3ae62ec-b392-4d9e-ae3f-58bc8978d60b,TOWN
c9cf4701-502d-4f7d-b088-2befd4749271,Thị trấn Quảng Uyên,030702,c3ae62ec-b392-4d9e-ae3f-58bc8978d60b,TOWN
24820c95-63a2-4586-8f28-2a97086c05db,Xã Phi Hải,030703,c3ae62ec-b392-4d9e-ae3f-58bc8978d60b,TOWN
541e867f-1b55-4ad7-abbe-3d406581791c,Xã Quảng Hưng,030704,c3ae62ec-b392-4d9e-ae3f-58bc8978d60b,TOWN
19207a43-90fa-4c81-94f3-d33fdcbca04a,Xã Độc Lập,030705,c3ae62ec-b392-4d9e-ae3f-58bc8978d60b,TOWN
680312db-4c7e-4986-9a94-0446f3072076,Xã Cai Bộ,030706,c3ae62ec-b392-4d9e-ae3f-58bc8978d60b,TOWN
ed4f357a-8f02-4dfb-a551-611f12331ade,Xã Phúc Sen,030707,c3ae62ec-b392-4d9e-ae3f-58bc8978d60b,TOWN
9751dd7a-b40d-4ae7-aeca-22845e46abfd,Xã Chí Thảo,030708,c3ae62ec-b392-4d9e-ae3f-58bc8978d60b,TOWN
1fbaf60c-96b8-40b0-8b8b-a17b0535adf2,Xã Tự Do,030709,c3ae62ec-b392-4d9e-ae3f-58bc8978d60b,TOWN
989ce0a5-cbdd-4065-ac71-14f645a9ce6c,Xã Hạnh Phúc,030710,c3ae62ec-b392-4d9e-ae3f-58bc8978d60b,TOWN
4d5022ec-b217-4eb6-83da-4de238b2bff9,Huyện Hoà An,0308,35bc69a6-1a46-4060-ae5e-3352fe21426b,DISTRICT
2b09c0b2-24ff-4416-a203-9c81e0ff98ea,Thị trấn Nước Hai,030801,4d5022ec-b217-4eb6-83da-4de238b2bff9,TOWN
17560dc5-5d03-42ac-8a70-6aded0f0e193,Xã Dân Chủ,030802,4d5022ec-b217-4eb6-83da-4de238b2bff9,TOWN
b02b0255-f2d9-4124-8dba-b6dc57e9b2ef,Xã Nam Tuấn,030803,4d5022ec-b217-4eb6-83da-4de238b2bff9,TOWN
45a09438-01f4-4438-90a7-7cfa0f9bf1b3,Xã Đại Tiến,030804,4d5022ec-b217-4eb6-83da-4de238b2bff9,TOWN
9e50745d-09f1-4891-9f72-5e1cfd1912e8,Xã Đức Long,030805,4d5022ec-b217-4eb6-83da-4de238b2bff9,TOWN
a29155a0-4a18-445a-8cad-bc8ef8814666,Xã Ngũ Lão,030806,4d5022ec-b217-4eb6-83da-4de238b2bff9,TOWN
e60dd384-1407-4d08-b964-f82bf189f059,Xã Trương Lương,030807,4d5022ec-b217-4eb6-83da-4de238b2bff9,TOWN
3d42d638-eff7-4905-8b5c-d409871dbb8e,Xã Hồng Việt,030808,4d5022ec-b217-4eb6-83da-4de238b2bff9,TOWN
47fc71e7-8899-4d7a-a984-5a781983aa04,Xã Hoàng Tung,030809,4d5022ec-b217-4eb6-83da-4de238b2bff9,TOWN
dea8c0d9-2609-4ec5-9c63-5ce37b26e6e8,Xã Nguyễn Huệ,030810,4d5022ec-b217-4eb6-83da-4de238b2bff9,TOWN
53e74890-c9d7-4203-8a78-4b54db038bcc,Huyện Nguyên Bình,0309,35bc69a6-1a46-4060-ae5e-3352fe21426b,DISTRICT
f42ed361-56a8-4a13-a5ec-09438d36635a,Thị trấn Nguyên Bình,030901,53e74890-c9d7-4203-8a78-4b54db038bcc,TOWN
e8859727-5f75-43db-b63b-6dce0b5951ad,Thị trấn Tĩnh Túc,030902,53e74890-c9d7-4203-8a78-4b54db038bcc,TOWN
48cb0130-3755-4cf6-8b71-8133d5b370b0,Xã Yên Lạc,030903,53e74890-c9d7-4203-8a78-4b54db038bcc,TOWN
d729df95-9356-4393-806e-9808d74c3ebf,Xã Triệu Nguyên,030904,53e74890-c9d7-4203-8a78-4b54db038bcc,TOWN
f5237ddb-f7fc-4e73-9d73-23f8375439b3,Xã Ca Thành,030905,53e74890-c9d7-4203-8a78-4b54db038bcc,TOWN
6aa07757-4334-4431-a075-58b5c43146d2,Xã Vũ Nông,030906,53e74890-c9d7-4203-8a78-4b54db038bcc,TOWN
cec1b2dd-1379-433b-afdd-a9f99092cbaa,Xã Minh Tâm,030907,53e74890-c9d7-4203-8a78-4b54db038bcc,TOWN
633bbfd1-d74a-4c2b-9319-80328a310c40,Xã Thể Dục,030908,53e74890-c9d7-4203-8a78-4b54db038bcc,TOWN
3ff06edb-0530-4ad5-9110-14fd02748825,Xã Mai Long,030909,53e74890-c9d7-4203-8a78-4b54db038bcc,TOWN
8bd53ca4-9018-448e-b4d3-2e1e8a0c1862,Xã Vũ Minh,030910,53e74890-c9d7-4203-8a78-4b54db038bcc,TOWN
fc68a97c-5090-4f05-9495-39315a5c1e69,Huyện Thạch An,0310,35bc69a6-1a46-4060-ae5e-3352fe21426b,DISTRICT
f284f0a7-6ebc-439f-bbf6-b0f99d64093b,Thị trấn Đông Khê,031001,fc68a97c-5090-4f05-9495-39315a5c1e69,TOWN
0de9a1e9-e104-4e42-b48d-7c664a725ea7,Xã Canh Tân,031002,fc68a97c-5090-4f05-9495-39315a5c1e69,TOWN
87eded4e-02f2-4d16-aa28-459c1c4d582f,Xã Kim Đồng,031003,fc68a97c-5090-4f05-9495-39315a5c1e69,TOWN
04b8d01e-4e09-457f-9e96-b63a1cdaaf76,Xã Đức Thông,031004,fc68a97c-5090-4f05-9495-39315a5c1e69,TOWN
890ba76e-d899-4434-96f6-ea4b32467256,Xã Thái Cường,031005,fc68a97c-5090-4f05-9495-39315a5c1e69,TOWN
fa3d04aa-7429-4fbe-af18-798923ffd7a7,Xã Vân Trình,031006,fc68a97c-5090-4f05-9495-39315a5c1e69,TOWN
e849f9bd-5503-4789-8320-32d00fbacb27,Xã Thụy Hùng,031007,fc68a97c-5090-4f05-9495-39315a5c1e69,TOWN
a98d1397-494a-48c8-b2d1-041d8397d805,Xã Quang Trọng,031008,fc68a97c-5090-4f05-9495-39315a5c1e69,TOWN
8929f5c6-602d-4759-85d3-cfe58b47ea73,Xã Trọng Con,031009,fc68a97c-5090-4f05-9495-39315a5c1e69,TOWN
9a3bb20c-411c-4df8-a559-383dfb68020f,Xã Lê Lai,031010,fc68a97c-5090-4f05-9495-39315a5c1e69,TOWN
294332d8-0f79-46e0-b390-305590565bef,Tỉnh Bắc Kạn,04,00000000-0000-0000-0000-000000000000,CITY
23df2037-4e02-483c-a478-bb42001a8860,Thành Phố Bắc Kạn,0401,294332d8-0f79-46e0-b390-305590565bef,DISTRICT
c1d598df-2856-45fd-9c61-e606e7439db7,Phường Nguyễn Thị Minh Khai,040101,23df2037-4e02-483c-a478-bb42001a8860,TOWN
ed797d39-3cce-438a-81f1-dfcbce670160,Phường Sông Cầu,040102,23df2037-4e02-483c-a478-bb42001a8860,TOWN
f6f7d70a-27ee-487b-b0a4-9aedcbcf4b44,Phường Đức Xuân,040103,23df2037-4e02-483c-a478-bb42001a8860,TOWN
4883ccf6-a27e-4810-9e94-8df765b14baf,Phường Phùng Chí Kiên,040104,23df2037-4e02-483c-a478-bb42001a8860,TOWN
4ef4d7d1-2928-40aa-85e7-3b3629756db2,Phường Huyền Tụng,040105,23df2037-4e02-483c-a478-bb42001a8860,TOWN
cf480d3d-1ad9-4359-93bf-7bdda6a0d7bc,Xã Nông Thượng,040106,23df2037-4e02-483c-a478-bb42001a8860,TOWN
927cf8b3-05b9-448c-9a7e-46a07cb54d4b,Phường Xuất Hóa,040107,23df2037-4e02-483c-a478-bb42001a8860,TOWN
acb28782-44e1-49d7-84d9-57bc0df9e5df,Huyện Pác Nặm,0402,294332d8-0f79-46e0-b390-305590565bef,DISTRICT
6311657b-5722-405e-b2b2-abd2ddf0732c,Xã Bằng Thành,040201,acb28782-44e1-49d7-84d9-57bc0df9e5df,TOWN
a0c0477f-580c-4e05-a07c-63e1fcfe01ff,Xã Nhạn Môn,040202,acb28782-44e1-49d7-84d9-57bc0df9e5df,TOWN
a925a7dd-3810-496a-857b-88d82a1b4062,Xã Bộc Bố,040203,acb28782-44e1-49d7-84d9-57bc0df9e5df,TOWN
4e649b9e-7a99-48f7-831d-43651c1114bc,Xã Công Bằng,040204,acb28782-44e1-49d7-84d9-57bc0df9e5df,TOWN
9ce2aefb-663f-4893-a548-e87c41034248,Xã Giáo Hiệu,040205,acb28782-44e1-49d7-84d9-57bc0df9e5df,TOWN
1156a574-7299-4184-a9f5-913992dd613d,Xã Xuân La,040206,acb28782-44e1-49d7-84d9-57bc0df9e5df,TOWN
dae0a1fd-0b4e-4550-91c4-2d840930e1d9,Xã An Thắng,040207,acb28782-44e1-49d7-84d9-57bc0df9e5df,TOWN
20b297c0-88f0-44c6-8973-1715f0d4b100,Xã Cổ Linh,040208,acb28782-44e1-49d7-84d9-57bc0df9e5df,TOWN
2c924c98-b1e8-413f-b7e8-e698f856d0f6,Xã Nghiên Loan,040209,acb28782-44e1-49d7-84d9-57bc0df9e5df,TOWN
256b713e-9165-4be7-85f9-add2d01b78b9,Xã Cao Tân,040210,acb28782-44e1-49d7-84d9-57bc0df9e5df,TOWN
0d924a68-db39-4a80-9783-affef1093d0f,Huyện Ba Bể,0403,294332d8-0f79-46e0-b390-305590565bef,DISTRICT
c6b11b58-9d78-4a09-b81e-644639e89193,Thị trấn Chợ Rã,040301,0d924a68-db39-4a80-9783-affef1093d0f,TOWN
3d61cc5e-17a0-41af-b96d-798209768623,Xã Bành Trạch,040302,0d924a68-db39-4a80-9783-affef1093d0f,TOWN
074cc193-6cf6-4698-8243-dd0b27147b91,Xã Phúc Lộc,040303,0d924a68-db39-4a80-9783-affef1093d0f,TOWN
6601d95f-0bf8-407e-b7ff-8c165eacf8c6,Xã Hà Hiệu,040304,0d924a68-db39-4a80-9783-affef1093d0f,TOWN
ac18b386-0d00-4a70-bde4-7f69b23a36d4,Xã Cao Thượng,040305,0d924a68-db39-4a80-9783-affef1093d0f,TOWN
17559ebc-3529-4d92-9dea-64d4e4878aa5,Xã Khang Ninh,040306,0d924a68-db39-4a80-9783-affef1093d0f,TOWN
2606e013-9993-4bfc-bf61-9ec609b2d699,Xã Nam Mẫu,040307,0d924a68-db39-4a80-9783-affef1093d0f,TOWN
c0b7c1f3-1c51-411f-a04f-738626007cbc,Xã Thượng Giáo,040308,0d924a68-db39-4a80-9783-affef1093d0f,TOWN
1a67cc24-6ec2-4783-a5e5-eedd2d83caa0,Xã Địa Linh,040309,0d924a68-db39-4a80-9783-affef1093d0f,TOWN
05fb938b-cc4d-4a87-9101-829f16cd8068,Xã Yến Dương,040310,0d924a68-db39-4a80-9783-affef1093d0f,TOWN
1cb7e123-48c0-4db1-902a-b13c86ceeb1b,Huyện Ngân Sơn,0404,294332d8-0f79-46e0-b390-305590565bef,DISTRICT
214fbb79-8fd9-4e34-b155-727c6f456956,Thị trấn Nà Phặc,040401,1cb7e123-48c0-4db1-902a-b13c86ceeb1b,TOWN
b514eb74-67f0-40f5-a28a-d670f3f59542,Xã Thượng Ân,040402,1cb7e123-48c0-4db1-902a-b13c86ceeb1b,TOWN
e3de4bd0-52c8-49d9-a96d-5cbeeaf3e92f,Xã Bằng Vân,040403,1cb7e123-48c0-4db1-902a-b13c86ceeb1b,TOWN
ba7863fa-2c23-404f-b6aa-7dfa59962012,Xã Cốc Đán,040404,1cb7e123-48c0-4db1-902a-b13c86ceeb1b,TOWN
68f2a2ae-d996-47bb-996c-613710925e42,Xã Trung Hoà,040405,1cb7e123-48c0-4db1-902a-b13c86ceeb1b,TOWN
bae12e9b-c586-4b0f-9298-52b2f88fee56,Xã Đức Vân,040406,1cb7e123-48c0-4db1-902a-b13c86ceeb1b,TOWN
5d912629-34b1-4f8f-92eb-92a87923e39c,Xã Vân Tùng,040407,1cb7e123-48c0-4db1-902a-b13c86ceeb1b,TOWN
4e3325a5-dfe0-4c3f-8fb5-24c2c7f0009f,Xã Thượng Quan,040408,1cb7e123-48c0-4db1-902a-b13c86ceeb1b,TOWN
41da5037-f913-4311-a2e6-111c92e5c382,Xã Hiệp Lực,040409,1cb7e123-48c0-4db1-902a-b13c86ceeb1b,TOWN
bf888ec5-b36b-41d0-aa97-554d23a67e3c,Xã Thuần Mang,040410,1cb7e123-48c0-4db1-902a-b13c86ceeb1b,TOWN
a64d42ff-6fac-4e6f-ae15-eedf4bd6e527,Huyện Bạch Thông,0405,294332d8-0f79-46e0-b390-305590565bef,DISTRICT
1993085e-371a-4f7c-b825-b96175855f09,Thị trấn Phủ Thông,040501,a64d42ff-6fac-4e6f-ae15-eedf4bd6e527,TOWN
36436dc9-777e-498d-8e6c-3c20ae2a2588,Xã Vi Hương,040502,a64d42ff-6fac-4e6f-ae15-eedf4bd6e527,TOWN
926b458a-265a-46d4-8ad6-bc14f7c2b216,Xã Sĩ Bình,040503,a64d42ff-6fac-4e6f-ae15-eedf4bd6e527,TOWN
4ed2203c-9617-41ba-87af-8f925b260c62,Xã Vũ Muộn,040504,a64d42ff-6fac-4e6f-ae15-eedf4bd6e527,TOWN
d094ea3a-8353-4590-b2e6-211e9e6a7064,Xã Đôn Phong,040505,a64d42ff-6fac-4e6f-ae15-eedf4bd6e527,TOWN
fd9d487a-35b1-4978-9d59-df2eea77352d,Xã Lục Bình,040506,a64d42ff-6fac-4e6f-ae15-eedf4bd6e527,TOWN
04243078-e878-4716-8f27-f7d85ecaa31f,Xã Tân Tú,040507,a64d42ff-6fac-4e6f-ae15-eedf4bd6e527,TOWN
ce05d55a-cace-4e1e-b21d-0f8196b0cf22,Xã Nguyên Phúc,040508,a64d42ff-6fac-4e6f-ae15-eedf4bd6e527,TOWN
d868c9ec-82af-49ac-81dd-42895aad705b,Xã Cao Sơn,040509,a64d42ff-6fac-4e6f-ae15-eedf4bd6e527,TOWN
15c0abd6-5f8c-48b8-a626-a6e0e6f598b2,Xã Quân Hà,040510,a64d42ff-6fac-4e6f-ae15-eedf4bd6e527,TOWN
ee6cb6d1-54ed-42ad-8ffd-b36ba5d7637c,Huyện Chợ Đồn,0406,294332d8-0f79-46e0-b390-305590565bef,DISTRICT
c7fcf6d6-f960-4989-8b0a-c6a765fb2fe5,Thị trấn Bằng Lũng,040601,ee6cb6d1-54ed-42ad-8ffd-b36ba5d7637c,TOWN
57c9e47d-62a8-48d1-b450-346a601e035a,Xã Xuân Lạc,040602,ee6cb6d1-54ed-42ad-8ffd-b36ba5d7637c,TOWN
ff519785-356b-48cf-8a44-205b30ee77a5,Xã Nam Cường,040603,ee6cb6d1-54ed-42ad-8ffd-b36ba5d7637c,TOWN
16f5b8bc-9091-41fd-80d4-a489fb26402b,Xã Bản Thi,040604,ee6cb6d1-54ed-42ad-8ffd-b36ba5d7637c,TOWN
2ba03c7b-782b-4c40-93fd-33e1c0d42a6f,Xã Quảng Bạch,040605,ee6cb6d1-54ed-42ad-8ffd-b36ba5d7637c,TOWN
082f0893-9ae2-4e6f-b102-d18f9f550982,Xã Bằng Phúc,040606,ee6cb6d1-54ed-42ad-8ffd-b36ba5d7637c,TOWN
5ba9f73b-92a3-4172-8fd6-a04358afddb9,Xã Yên Thịnh,040607,ee6cb6d1-54ed-42ad-8ffd-b36ba5d7637c,TOWN
b662dbb7-971d-4fdc-9c51-4d33b2c95426,Xã Yên Thượng,040608,ee6cb6d1-54ed-42ad-8ffd-b36ba5d7637c,TOWN
c5b4accb-ba69-4762-b30c-fdb28f32ae67,Xã Phương Viên,040609,ee6cb6d1-54ed-42ad-8ffd-b36ba5d7637c,TOWN
9632a52d-77fe-46eb-a691-9f32a97f305d,Xã Ngọc Phái,040610,ee6cb6d1-54ed-42ad-8ffd-b36ba5d7637c,TOWN
1e28e211-427f-4034-9656-5e6ae4d3d2c3,Huyện Chợ Mới,0407,294332d8-0f79-46e0-b390-305590565bef,DISTRICT
9818919f-946f-4b55-bae6-65846f855f1c,Thị trấn Đồng Tâm,040701,1e28e211-427f-4034-9656-5e6ae4d3d2c3,TOWN
fe4b1326-8793-4a05-be67-3f1334fd7249,Xã Tân Sơn,040702,1e28e211-427f-4034-9656-5e6ae4d3d2c3,TOWN
d63dc67d-52b3-4fe0-9834-980533b16696,Xã Thanh Vận,040703,1e28e211-427f-4034-9656-5e6ae4d3d2c3,TOWN
7d875981-cd27-4f95-93a9-316ef425a096,Xã Mai Lạp,040704,1e28e211-427f-4034-9656-5e6ae4d3d2c3,TOWN
d0b3d26e-1405-4cc5-8b38-ab21a4cc2b30,Xã Hoà Mục,040705,1e28e211-427f-4034-9656-5e6ae4d3d2c3,TOWN
912e00c8-6556-4dd0-8ed1-e1b35d8f08c2,Xã Cao Kỳ,040706,1e28e211-427f-4034-9656-5e6ae4d3d2c3,TOWN
95686906-063f-401f-b5e4-7d2c8a209919,Xã Nông Hạ,040707,1e28e211-427f-4034-9656-5e6ae4d3d2c3,TOWN
aa7895ed-6606-44d9-8fc9-158f65b5e68e,Xã Yên Cư,040708,1e28e211-427f-4034-9656-5e6ae4d3d2c3,TOWN
6507582b-1965-471e-b783-f43503d9ea0b,Xã Thanh Thịnh,040709,1e28e211-427f-4034-9656-5e6ae4d3d2c3,TOWN
a13ebc8a-d4bd-4072-9dcd-11aa174bc543,Xã Yên Hân,040710,1e28e211-427f-4034-9656-5e6ae4d3d2c3,TOWN
ecab4351-deea-474c-9dd2-bcf7ea26a79c,Huyện Na Rì,0408,294332d8-0f79-46e0-b390-305590565bef,DISTRICT
ded8dc5d-b831-4b66-a043-d35cb3825461,Xã Văn Vũ,040801,ecab4351-deea-474c-9dd2-bcf7ea26a79c,TOWN
2f0b5aac-4e9e-4346-97a9-778a8cef5e87,Xã Văn Lang,040802,ecab4351-deea-474c-9dd2-bcf7ea26a79c,TOWN
27c18608-765c-448f-a853-c2022566258a,Xã Lương Thượng,040803,ecab4351-deea-474c-9dd2-bcf7ea26a79c,TOWN
237a0d29-9fe6-4e82-9fd5-45afce855e1f,Xã Kim Hỷ,040804,ecab4351-deea-474c-9dd2-bcf7ea26a79c,TOWN
07eff36b-f481-4af7-ab28-2dcf4822949b,Xã Cường Lợi,040805,ecab4351-deea-474c-9dd2-bcf7ea26a79c,TOWN
497c52ce-c08d-4b64-b386-c8f0e5ef7ec1,Thị trấn Yến Lạc,040806,ecab4351-deea-474c-9dd2-bcf7ea26a79c,TOWN
bf1a7bce-693b-4791-9bbf-4c5ed4dcc10f,Xã Kim Lư,040807,ecab4351-deea-474c-9dd2-bcf7ea26a79c,TOWN
3fd2db39-d7ae-4862-9a14-fc7974a862cc,Xã Sơn Thành,040808,ecab4351-deea-474c-9dd2-bcf7ea26a79c,TOWN
38dd083f-7d92-42a5-b9d6-6d0954255b19,Xã Văn Minh,040809,ecab4351-deea-474c-9dd2-bcf7ea26a79c,TOWN
73984067-204c-4113-b156-7f2a440e73af,Xã Côn Minh,040810,ecab4351-deea-474c-9dd2-bcf7ea26a79c,TOWN
37d0c45d-b437-4f0c-a56f-d27149f03a98,Tỉnh Tuyên Quang,05,00000000-0000-0000-0000-000000000000,CITY
2e028e86-a039-4dae-9e3b-6d2394156529,Thành phố Tuyên Quang,0501,37d0c45d-b437-4f0c-a56f-d27149f03a98,DISTRICT
085393a2-584e-4c51-a41f-fb60a259fd17,Phường Phan Thiết,050101,2e028e86-a039-4dae-9e3b-6d2394156529,TOWN
774df2c2-d6b4-4c58-988a-6465e143f487,Phường Minh Xuân,050102,2e028e86-a039-4dae-9e3b-6d2394156529,TOWN
3b48e2e1-0293-445b-ab09-5ddd41c26880,Phường Tân Quang,050103,2e028e86-a039-4dae-9e3b-6d2394156529,TOWN
1326baf0-26ec-432c-8ee9-ce818c51c195,Xã Tràng Đà,050104,2e028e86-a039-4dae-9e3b-6d2394156529,TOWN
916babe7-0b95-4f02-a015-2b9e2fca6a0f,Phường Nông Tiến,050105,2e028e86-a039-4dae-9e3b-6d2394156529,TOWN
8c4802ad-4229-41cd-ae3b-582146eaaa03,Phường Ỷ La,050106,2e028e86-a039-4dae-9e3b-6d2394156529,TOWN
4715ef6f-a4d0-47cd-9996-1f08624339bf,Phường Tân Hà,050107,2e028e86-a039-4dae-9e3b-6d2394156529,TOWN
06ca8956-00bd-4184-8925-0ddde8b04265,Phường Hưng Thành,050108,2e028e86-a039-4dae-9e3b-6d2394156529,TOWN
89196ae7-dc52-4ec2-9f21-c7c793e7df84,Xã Kim Phú,050109,2e028e86-a039-4dae-9e3b-6d2394156529,TOWN
d7a1325b-3c0f-4b71-a135-11e3e20806ca,Xã An Khang,050110,2e028e86-a039-4dae-9e3b-6d2394156529,TOWN
8161b9f6-3510-4ffc-a294-59a87fcf529b,Huyện Lâm Bình,0502,37d0c45d-b437-4f0c-a56f-d27149f03a98,DISTRICT
3aa50003-41e7-4471-a6ff-513fb7444308,Xã Phúc Yên,050201,8161b9f6-3510-4ffc-a294-59a87fcf529b,TOWN
3b316ebb-b2b2-4d83-b042-38d30968f237,Xã Xuân Lập,050202,8161b9f6-3510-4ffc-a294-59a87fcf529b,TOWN
39aec69c-f03d-4e4d-a07a-0fcef1faf6f4,Xã Khuôn Hà,050203,8161b9f6-3510-4ffc-a294-59a87fcf529b,TOWN
932f8eda-fba2-4af4-a0d3-7d759ad39697,Thị trấn Lăng Can,050204,8161b9f6-3510-4ffc-a294-59a87fcf529b,TOWN
a1b1a362-30ad-4fc8-989e-4fb5b393a4ed,Xã Bình An,050205,8161b9f6-3510-4ffc-a294-59a87fcf529b,TOWN
e34fa600-c08f-4a1d-b11b-4cc107d42dbf,Xã Thổ Bình,050206,8161b9f6-3510-4ffc-a294-59a87fcf529b,TOWN
bed3a5d7-0904-4b68-9ca6-ce6505b24dbe,Xã Phúc Sơn,050207,8161b9f6-3510-4ffc-a294-59a87fcf529b,TOWN
05afaa75-6aec-4eb1-ae82-cd1b5f1074cc,Huyện Na Hang,0503,37d0c45d-b437-4f0c-a56f-d27149f03a98,DISTRICT
6687be7c-2d7f-43e9-a22a-a5cec4d849a2,Thị trấn Na Hang,050301,05afaa75-6aec-4eb1-ae82-cd1b5f1074cc,TOWN
1bedbd6b-9206-40b7-8de4-9a345c21abe0,Xã Sinh Long,050302,05afaa75-6aec-4eb1-ae82-cd1b5f1074cc,TOWN
2c1f1069-d516-4216-8600-ec2fbf1bf808,Xã Thượng Giáp,050303,05afaa75-6aec-4eb1-ae82-cd1b5f1074cc,TOWN
daf76fa4-d721-4d7e-981e-641a3b47a398,Xã Thượng Nông,050304,05afaa75-6aec-4eb1-ae82-cd1b5f1074cc,TOWN
b84bc645-b50c-4502-b351-aad1dcb93237,Xã Côn Lôn,050305,05afaa75-6aec-4eb1-ae82-cd1b5f1074cc,TOWN
de9be67c-cbd7-4793-b786-85721844427a,Xã Yên Hoa,050306,05afaa75-6aec-4eb1-ae82-cd1b5f1074cc,TOWN
102afc18-fc02-4ac8-be96-8d55bbc7fb1b,Xã Đà Vị,050307,05afaa75-6aec-4eb1-ae82-cd1b5f1074cc,TOWN
a3000ff2-5ae3-475c-a4f2-e40f1236558a,Xã Khau Tinh,050308,05afaa75-6aec-4eb1-ae82-cd1b5f1074cc,TOWN
7909026d-2473-450c-84b9-79ccdcdc7cdf,Xã Sơn Phú,050309,05afaa75-6aec-4eb1-ae82-cd1b5f1074cc,TOWN
6159bdc9-6ee8-4fc8-919a-435269ee015f,Xã Năng Khả,050310,05afaa75-6aec-4eb1-ae82-cd1b5f1074cc,TOWN
cecbe223-6a2a-4d00-b3c7-22a38cc4d6a8,Huyện Chiêm Hóa,0504,37d0c45d-b437-4f0c-a56f-d27149f03a98,DISTRICT
6aec27ab-831c-4d3c-a67f-be87c9cd42bf,Thị trấn Vĩnh Lộc,050401,cecbe223-6a2a-4d00-b3c7-22a38cc4d6a8,TOWN
99b43969-8d35-4c1d-9ca5-1c5ab28c52ca,Xã Trung Hà,050402,cecbe223-6a2a-4d00-b3c7-22a38cc4d6a8,TOWN
e64f7bbc-00b0-47ad-a716-fcc9f489c099,Xã Tân Mỹ,050403,cecbe223-6a2a-4d00-b3c7-22a38cc4d6a8,TOWN
f3707044-97cd-4f1b-be07-62a152bfb9f7,Xã Hà Lang,050404,cecbe223-6a2a-4d00-b3c7-22a38cc4d6a8,TOWN
74658234-cb2b-4b43-9bbf-f92cbf1e2680,Xã Hùng Mỹ,050405,cecbe223-6a2a-4d00-b3c7-22a38cc4d6a8,TOWN
0e050a75-3d86-4da3-8f47-11066838c38e,Xã Yên Lập,050406,cecbe223-6a2a-4d00-b3c7-22a38cc4d6a8,TOWN
8c4103cc-33ec-43de-8e16-91bb1c125a3c,Xã Tân An,050407,cecbe223-6a2a-4d00-b3c7-22a38cc4d6a8,TOWN
5f0b91a7-abd2-489d-b4d5-56075f04b83a,Xã Xuân Quang,050408,cecbe223-6a2a-4d00-b3c7-22a38cc4d6a8,TOWN
9b01263a-77f7-4a43-bcab-2da368dceff1,Xã Ngọc Hội,050409,cecbe223-6a2a-4d00-b3c7-22a38cc4d6a8,TOWN
e0258adb-4fd3-4d96-8443-4d74717ec7ef,Xã Phú Bình,050410,cecbe223-6a2a-4d00-b3c7-22a38cc4d6a8,TOWN
41dc5033-b057-4186-bbed-da04e8e93203,Huyện Hàm Yên,0505,37d0c45d-b437-4f0c-a56f-d27149f03a98,DISTRICT
795aa003-c66a-4bff-a863-ff34d391bb7f,Thị trấn Tân Yên,050501,41dc5033-b057-4186-bbed-da04e8e93203,TOWN
7c47cc5d-9e34-4b52-a9c8-eda8386805a2,Xã Yên Thuận,050502,41dc5033-b057-4186-bbed-da04e8e93203,TOWN
f807c118-7dc6-43a5-9d33-e8ff57f2581f,Xã Bạch Xa,050503,41dc5033-b057-4186-bbed-da04e8e93203,TOWN
7bb8800f-8337-4623-a4a9-b0e5c88d7172,Xã Minh Khương,050504,41dc5033-b057-4186-bbed-da04e8e93203,TOWN
1467592a-92c6-45e0-803a-cd8e4d459160,Xã Yên Lâm,050505,41dc5033-b057-4186-bbed-da04e8e93203,TOWN
acd304ea-3475-44da-af94-1a41e591b044,Xã Minh Dân,050506,41dc5033-b057-4186-bbed-da04e8e93203,TOWN
b1a09e87-069d-4031-9f18-bd29c97e7bb8,Xã Minh Hương,050507,41dc5033-b057-4186-bbed-da04e8e93203,TOWN
636cbd7b-9c5f-4344-af46-176ec418f211,Xã Yên Phú,050508,41dc5033-b057-4186-bbed-da04e8e93203,TOWN
808e404d-55bd-41cb-ae2e-86a047477a63,Xã Bình Xa,050509,41dc5033-b057-4186-bbed-da04e8e93203,TOWN
3719e39b-09b7-4c45-ae51-af69069462d7,Xã Nhân Mục,050510,41dc5033-b057-4186-bbed-da04e8e93203,TOWN
62f4398b-c315-4f3d-b70b-a9167a408588,Huyện Yên Sơn,0506,37d0c45d-b437-4f0c-a56f-d27149f03a98,DISTRICT
3f02ec80-a90e-4ecf-a5ea-ea82c82cde21,Xã Quí Quân,050601,62f4398b-c315-4f3d-b70b-a9167a408588,TOWN
06c23dfa-36b2-4d39-9c20-059e3a31d0c6,Xã Lực Hành,050602,62f4398b-c315-4f3d-b70b-a9167a408588,TOWN
a1561ebb-3142-4cd2-ae6b-5d7ac0d877fd,Xã Kiến Thiết,050603,62f4398b-c315-4f3d-b70b-a9167a408588,TOWN
8175c353-aa42-4c17-9c9e-dfef94379c6c,Xã Trung Minh,050604,62f4398b-c315-4f3d-b70b-a9167a408588,TOWN
56d670e7-e4eb-4e44-a345-9c7ddbb18561,Xã Chiêu Yên,050605,62f4398b-c315-4f3d-b70b-a9167a408588,TOWN
46de5677-e15a-4c55-aa84-d97122b0f521,Xã Trung Trực,050606,62f4398b-c315-4f3d-b70b-a9167a408588,TOWN
c200ee9d-f262-44d1-8670-6c73208771b9,Xã Xuân Vân,050607,62f4398b-c315-4f3d-b70b-a9167a408588,TOWN
343d3baa-b87b-400a-a09e-40eb237c1517,Xã Phúc Ninh,050608,62f4398b-c315-4f3d-b70b-a9167a408588,TOWN
bccc5c53-14a4-4fb2-b053-3ca723e3c6d5,Xã Hùng Lợi,050609,62f4398b-c315-4f3d-b70b-a9167a408588,TOWN
2622be38-8fc5-4224-88b2-6314a3b6af52,Xã Trung Sơn,050610,62f4398b-c315-4f3d-b70b-a9167a408588,TOWN
9a1ba377-0ce1-4983-9245-455aa7d9d20f,Huyện Sơn Dương,0507,37d0c45d-b437-4f0c-a56f-d27149f03a98,DISTRICT
f036aafe-086c-4524-b9f8-77cf970a5346,Thị trấn Sơn Dương,050701,9a1ba377-0ce1-4983-9245-455aa7d9d20f,TOWN
3cebf893-768f-4e7a-b6f5-0a50f7168190,Xã Trung Yên,050702,9a1ba377-0ce1-4983-9245-455aa7d9d20f,TOWN
fecf7b2d-1ecc-46ab-b6a5-c70ed00e5c23,Xã Minh Thanh,050703,9a1ba377-0ce1-4983-9245-455aa7d9d20f,TOWN
542fca2d-eea9-4b77-895c-b33b1b319574,Xã Tân Trào,050704,9a1ba377-0ce1-4983-9245-455aa7d9d20f,TOWN
c6945953-1c29-4ee1-8918-121a9b16de68,Xã Vĩnh Lợi,050705,9a1ba377-0ce1-4983-9245-455aa7d9d20f,TOWN
ae4253e7-b315-452f-8a01-f6197f9b89f3,Xã Thượng Ấm,050706,9a1ba377-0ce1-4983-9245-455aa7d9d20f,TOWN
f6916b84-73aa-46c6-9bc7-92c0f878b57f,Xã Lương Thiện,050707,9a1ba377-0ce1-4983-9245-455aa7d9d20f,TOWN
e27aed93-834f-475d-be57-6adf59177adf,Xã Tú Thịnh,050708,9a1ba377-0ce1-4983-9245-455aa7d9d20f,TOWN
afeacf8c-2ba3-497b-90b7-a65bde20aebc,Xã Cấp Tiến,050709,9a1ba377-0ce1-4983-9245-455aa7d9d20f,TOWN
0b8303b7-d611-48b2-9ced-ea376e53bafd,Xã Hợp Thành,050710,9a1ba377-0ce1-4983-9245-455aa7d9d20f,TOWN
14d03866-e2b7-4e01-9a74-7c0b71b02cc4,Tỉnh Lào Cai,06,00000000-0000-0000-0000-000000000000,CITY
1fe09ba9-9177-4d85-a1c6-701520d3c120,Thành phố Lào Cai,0601,14d03866-e2b7-4e01-9a74-7c0b71b02cc4,DISTRICT
2c14ee40-6614-4e05-b891-b44c2958e9c2,Phường Duyên Hải,060101,1fe09ba9-9177-4d85-a1c6-701520d3c120,TOWN
101247b8-6b0b-4af2-bd2c-945111e660b5,Phường Lào Cai,060102,1fe09ba9-9177-4d85-a1c6-701520d3c120,TOWN
14357933-9592-4995-87dc-b8730864630c,Phường Cốc Lếu,060103,1fe09ba9-9177-4d85-a1c6-701520d3c120,TOWN
e4f8ea0f-636f-46d2-9a12-6be0697385d4,Phường Kim Tân,060104,1fe09ba9-9177-4d85-a1c6-701520d3c120,TOWN
dabf9c74-fab0-4968-ae66-3ecd8421a721,Phường Bắc Lệnh,060105,1fe09ba9-9177-4d85-a1c6-701520d3c120,TOWN
2b7486b1-e978-402f-a21c-de0ffe7cdf1c,Phường Pom Hán,060106,1fe09ba9-9177-4d85-a1c6-701520d3c120,TOWN
f88e5868-1f7e-4330-8b19-aa7152d8caec,Phường Xuân Tăng,060107,1fe09ba9-9177-4d85-a1c6-701520d3c120,TOWN
eec63f64-a0ff-42f7-abcd-cdd426572efe,Phường Bình Minh,060108,1fe09ba9-9177-4d85-a1c6-701520d3c120,TOWN
887a9cb5-8f3b-429e-a1c7-b4f689842771,Xã Đồng Tuyển,060109,1fe09ba9-9177-4d85-a1c6-701520d3c120,TOWN
ad17009a-4027-4e57-81bd-bd4637f5ffe7,Xã Vạn Hoà,060110,1fe09ba9-9177-4d85-a1c6-701520d3c120,TOWN
d63ea15d-0bdf-48ab-8c6f-9ad0908762cb,Huyện Bát Xát,0602,14d03866-e2b7-4e01-9a74-7c0b71b02cc4,DISTRICT
8407894d-ff98-481e-aef1-5569333796df,Thị trấn Bát Xát,060201,d63ea15d-0bdf-48ab-8c6f-9ad0908762cb,TOWN
1bef4616-6eb4-4201-bc92-22824056be03,Xã A Mú Sung,060202,d63ea15d-0bdf-48ab-8c6f-9ad0908762cb,TOWN
738d6a52-8596-4e0e-894e-2010081811b0,Xã Nậm Chạc,060203,d63ea15d-0bdf-48ab-8c6f-9ad0908762cb,TOWN
4bb8d233-657d-4921-b310-fffa31f8268d,Xã A Lù,060204,d63ea15d-0bdf-48ab-8c6f-9ad0908762cb,TOWN
05f2f425-13de-4859-b6f8-8a1408c8f319,Xã Trịnh Tường,060205,d63ea15d-0bdf-48ab-8c6f-9ad0908762cb,TOWN
61ff7829-961b-4e92-961b-e49120536f00,Xã Y Tý,060206,d63ea15d-0bdf-48ab-8c6f-9ad0908762cb,TOWN
57f8b2fe-91aa-425b-b2c2-99182e2c18e2,Xã Cốc Mỳ,060207,d63ea15d-0bdf-48ab-8c6f-9ad0908762cb,TOWN
600bff1d-125f-4661-bf98-3a88c633582c,Xã Dền Sáng,060208,d63ea15d-0bdf-48ab-8c6f-9ad0908762cb,TOWN
793c6d88-356e-4238-9c67-b6a513907c12,Xã Bản Vược,060209,d63ea15d-0bdf-48ab-8c6f-9ad0908762cb,TOWN
b11482bc-042b-4494-9298-e16cc25ccbba,Xã Sàng Ma Sáo,060210,d63ea15d-0bdf-48ab-8c6f-9ad0908762cb,TOWN
2aecb633-b370-4b19-b977-a1250968a9c6,Huyện Mường Khương,0603,14d03866-e2b7-4e01-9a74-7c0b71b02cc4,DISTRICT
2e948c9c-cbe8-4b71-926d-8d3bb68a5ae6,Xã Pha Long,060301,2aecb633-b370-4b19-b977-a1250968a9c6,TOWN
a356b03b-2459-4ee5-9000-71a0fb81e9a8,Xã Tả Ngải Chồ,060302,2aecb633-b370-4b19-b977-a1250968a9c6,TOWN
4f5e9125-707b-4aeb-b9de-c56c48f44ffd,Xã Tung Chung Phố,060303,2aecb633-b370-4b19-b977-a1250968a9c6,TOWN
6ee2a668-dcf2-40cf-9e0f-7b1f5594e7dc,Thị trấn Mường Khương,060304,2aecb633-b370-4b19-b977-a1250968a9c6,TOWN
cbee0855-d54c-46fc-b723-5692cd386bc0,Xã Dìn Chin,060305,2aecb633-b370-4b19-b977-a1250968a9c6,TOWN
a8d77099-053f-4708-a730-111090a5fc6f,Xã Tả Gia Khâu,060306,2aecb633-b370-4b19-b977-a1250968a9c6,TOWN
3633d338-51b6-4b04-9c83-a0a96f192ee9,Xã Nậm Chảy,060307,2aecb633-b370-4b19-b977-a1250968a9c6,TOWN
45bb5ac0-55eb-4933-8397-c39c549c38e4,Xã Nấm Lư,060308,2aecb633-b370-4b19-b977-a1250968a9c6,TOWN
e03beedf-5da8-4602-872b-1bd38200be85,Xã Lùng Khấu Nhin,060309,2aecb633-b370-4b19-b977-a1250968a9c6,TOWN
e4ed98ca-3734-42f9-9d75-b380506c8668,Xã Lùng Vai,060310,2aecb633-b370-4b19-b977-a1250968a9c6,TOWN
477a8ca9-0e72-4143-8a42-5f076c85a0df,Huyện Si Ma Cai,0604,14d03866-e2b7-4e01-9a74-7c0b71b02cc4,DISTRICT
2b3ce803-9c5a-494d-b8b5-a8869abad8d6,Xã Nàn Sán,060401,477a8ca9-0e72-4143-8a42-5f076c85a0df,TOWN
4a35d0d2-c4a5-4f5a-8082-ba3853927878,Xã Thào Chư Phìn,060402,477a8ca9-0e72-4143-8a42-5f076c85a0df,TOWN
53dcee21-e34f-4a3c-ad40-4bca590a7ceb,Xã Bản Mế,060403,477a8ca9-0e72-4143-8a42-5f076c85a0df,TOWN
66f8d9c2-a77a-4dd7-b0ed-9c2526dc582a,Thị trấn Si Ma Cai,060404,477a8ca9-0e72-4143-8a42-5f076c85a0df,TOWN
16551258-5534-408d-bd3c-48b7e3ffbee4,Xã Sán Chải,060405,477a8ca9-0e72-4143-8a42-5f076c85a0df,TOWN
b3a51fe6-7229-44be-9627-1dd1266d1552,Xã Lùng Thẩn,060406,477a8ca9-0e72-4143-8a42-5f076c85a0df,TOWN
9beaadf3-ec81-4042-85b2-5b4a16875839,Xã Cán Cấu,060407,477a8ca9-0e72-4143-8a42-5f076c85a0df,TOWN
bfd269ea-93d2-425b-90ab-cf7b4e4881cf,Xã Sín Chéng,060408,477a8ca9-0e72-4143-8a42-5f076c85a0df,TOWN
4a3847db-7687-4e87-9cf8-121d10b7a2e4,Xã Quan Hồ Thẩn,060409,477a8ca9-0e72-4143-8a42-5f076c85a0df,TOWN
343d270e-ee83-43ae-8f38-a4984a4a7ca4,Xã Nàn Xín,060410,477a8ca9-0e72-4143-8a42-5f076c85a0df,TOWN
eb564077-b6f2-4b25-8085-fe09bf528759,Huyện Bắc Hà,0605,14d03866-e2b7-4e01-9a74-7c0b71b02cc4,DISTRICT
01144f27-6faf-48dc-8583-ce0b3853ba0b,Thị trấn Bắc Hà,060501,eb564077-b6f2-4b25-8085-fe09bf528759,TOWN
ffc14cbf-df12-4b9b-8cd4-b32a75726dbf,Xã Lùng Cải,060502,eb564077-b6f2-4b25-8085-fe09bf528759,TOWN
f906f483-68be-49f8-8496-f8f47f6eca8f,Xã Lùng Phình,060503,eb564077-b6f2-4b25-8085-fe09bf528759,TOWN
4c464783-bcf1-469a-a376-19eeb0832998,Xã Tả Van Chư,060504,eb564077-b6f2-4b25-8085-fe09bf528759,TOWN
7fbb3aab-d2d8-4342-b8c2-ba166aab3165,Xã Tả Củ Tỷ,060505,eb564077-b6f2-4b25-8085-fe09bf528759,TOWN
79f92949-4932-4033-b89a-2abf17a18d62,Xã Thải Giàng Phố,060506,eb564077-b6f2-4b25-8085-fe09bf528759,TOWN
d84fdc63-e0ff-437e-8cc1-b0cf92400505,Xã Hoàng Thu Phố,060507,eb564077-b6f2-4b25-8085-fe09bf528759,TOWN
b9f97f4f-faaa-483a-b404-64e92fe61d94,Xã Bản Phố,060508,eb564077-b6f2-4b25-8085-fe09bf528759,TOWN
5d729ee3-fab4-41d5-9fe1-66ef02a2870b,Xã Bản Liền,060509,eb564077-b6f2-4b25-8085-fe09bf528759,TOWN
a8453e3e-b9be-4fb1-b31a-6d0d4deb2261,Xã Tà Chải,060510,eb564077-b6f2-4b25-8085-fe09bf528759,TOWN
2ac28efb-8372-4bd7-94bd-7502aad22cab,Huyện Bảo Thắng,0606,14d03866-e2b7-4e01-9a74-7c0b71b02cc4,DISTRICT
6fae2aac-968b-4d91-8cc3-7140555d2efe,Thị trấn N.T Phong Hải,060601,2ac28efb-8372-4bd7-94bd-7502aad22cab,TOWN
ef9d230a-9cf0-4e5f-a2c0-cbc6b2910537,Thị trấn Phố Lu,060602,2ac28efb-8372-4bd7-94bd-7502aad22cab,TOWN
639a417a-f1f3-4dad-af55-150d9ab1ac5a,Thị trấn Tằng Loỏng,060603,2ac28efb-8372-4bd7-94bd-7502aad22cab,TOWN
c3a6274b-a808-467a-903b-757f7977499a,Xã Bản Phiệt,060604,2ac28efb-8372-4bd7-94bd-7502aad22cab,TOWN
af85a71f-7386-4da3-874c-964c995c04a6,Xã Bản Cầm,060605,2ac28efb-8372-4bd7-94bd-7502aad22cab,TOWN
d0cf4e59-4806-456a-ab95-2999b4a23da3,Xã Thái Niên,060606,2ac28efb-8372-4bd7-94bd-7502aad22cab,TOWN
ddd24317-343c-47b4-9075-da5945ab4fe6,Xã Phong Niên,060607,2ac28efb-8372-4bd7-94bd-7502aad22cab,TOWN
6fd2914b-a22d-4c39-a0ba-9cd7a54f0c2a,Xã Gia Phú,060608,2ac28efb-8372-4bd7-94bd-7502aad22cab,TOWN
38984f1f-ddf4-4c7a-b6ac-a96486a8f87b,Xã Sơn Hải,060609,2ac28efb-8372-4bd7-94bd-7502aad22cab,TOWN
78e2e852-810c-4733-970d-e608f51deb40,Xã Xuân Giao,060610,2ac28efb-8372-4bd7-94bd-7502aad22cab,TOWN
4a20ebaa-9f80-4d5e-938e-338fcf8065c6,Huyện Bảo Yên,0607,14d03866-e2b7-4e01-9a74-7c0b71b02cc4,DISTRICT
087cfb52-8357-4f90-8eed-73c5a0598aa9,Thị trấn Phố Ràng,060701,4a20ebaa-9f80-4d5e-938e-338fcf8065c6,TOWN
4756ef1c-3553-4c59-afad-7dad7e521822,Xã Nghĩa Đô,060702,4a20ebaa-9f80-4d5e-938e-338fcf8065c6,TOWN
d58af625-7ffe-42b4-9f22-d7820c433213,Xã Vĩnh Yên,060703,4a20ebaa-9f80-4d5e-938e-338fcf8065c6,TOWN
d5f83da1-1cdb-4b47-9abf-1c3a9c3d0e57,Xã Điện Quan,060704,4a20ebaa-9f80-4d5e-938e-338fcf8065c6,TOWN
a778d3ae-bc13-42d3-a309-bb8e01fd5b82,Xã Xuân Hoà,060705,4a20ebaa-9f80-4d5e-938e-338fcf8065c6,TOWN
def797bc-a0e6-448b-b029-2bea8564562a,Xã Tân Dương,060706,4a20ebaa-9f80-4d5e-938e-338fcf8065c6,TOWN
67eb8df3-8ba6-4830-8e13-e7ae1e1e876f,Xã Cam Cọn,060707,4a20ebaa-9f80-4d5e-938e-338fcf8065c6,TOWN
fbe6538e-dd3f-48ce-834e-da335f2f0a79,Xã Xuân Thượng,060708,4a20ebaa-9f80-4d5e-938e-338fcf8065c6,TOWN
05522376-b319-49a3-9a27-49ee7ff210fe,Xã Việt Tiến,060709,4a20ebaa-9f80-4d5e-938e-338fcf8065c6,TOWN
b519b9c8-c168-48cb-abc1-caa5ce8d6508,Xã Bảo Hà,060710,4a20ebaa-9f80-4d5e-938e-338fcf8065c6,TOWN
833b90f3-c87e-4e26-8e45-265f3260c506,Thị xã Sa Pa,0608,14d03866-e2b7-4e01-9a74-7c0b71b02cc4,DISTRICT
365b655c-188e-4776-945b-38711828f975,Phường Sa Pa,060801,833b90f3-c87e-4e26-8e45-265f3260c506,TOWN
9db79898-7c88-433a-ba18-724e8ba14726,Phường Sa Pả,060802,833b90f3-c87e-4e26-8e45-265f3260c506,TOWN
0278017b-27cb-4fcc-a3fb-9a7cd458ce1c,Phường Ô Quý Hồ,060803,833b90f3-c87e-4e26-8e45-265f3260c506,TOWN
40e46a74-d68b-4c6b-907c-e0a9f0fe2998,Xã Ngũ Chỉ Sơn,060804,833b90f3-c87e-4e26-8e45-265f3260c506,TOWN
7736e72c-28ef-4a75-b717-639f09c57888,Phường Phan Si Păng,060805,833b90f3-c87e-4e26-8e45-265f3260c506,TOWN
95e44a6d-9690-442f-a827-cfc078370165,Xã Trung Chải,060806,833b90f3-c87e-4e26-8e45-265f3260c506,TOWN
02a6f712-cbdb-48e9-94a6-a68c77c0e166,Phường Hàm Rồng,060807,833b90f3-c87e-4e26-8e45-265f3260c506,TOWN
ea2accde-3bf1-468f-9abe-bfc0e065cd71,Xã Hoàng Liên,060808,833b90f3-c87e-4e26-8e45-265f3260c506,TOWN
b8ba11b2-ed7f-4a45-a7cf-df05b13f8ff8,Phường Cầu Mây,060809,833b90f3-c87e-4e26-8e45-265f3260c506,TOWN
9bf01086-df33-4bf6-994e-7f6d522d0d93,Xã Mường Hoa,060810,833b90f3-c87e-4e26-8e45-265f3260c506,TOWN
18375a0d-feca-4443-90e3-2862df28b38d,Huyện Văn Bàn,0609,14d03866-e2b7-4e01-9a74-7c0b71b02cc4,DISTRICT
6c8defe6-7cef-4a1e-973b-59976e47c648,Thị trấn Khánh Yên,060901,18375a0d-feca-4443-90e3-2862df28b38d,TOWN
6e0ec249-495d-4299-aa95-d3a74d459446,Xã Võ Lao,060902,18375a0d-feca-4443-90e3-2862df28b38d,TOWN
0875d3a7-cb05-4bbd-81bc-e9a76a61571e,Xã Sơn Thuỷ,060903,18375a0d-feca-4443-90e3-2862df28b38d,TOWN
05f2eb56-c23a-47c2-b46c-f118f2d1f8c3,Xã Nậm Mả,060904,18375a0d-feca-4443-90e3-2862df28b38d,TOWN
f04356bb-9bfe-40ec-8e16-3e7e9c97e7eb,Xã Tân Thượng,060905,18375a0d-feca-4443-90e3-2862df28b38d,TOWN
c139b1ce-a64d-43e6-8985-f3242cbaf431,Xã Nậm Rạng,060906,18375a0d-feca-4443-90e3-2862df28b38d,TOWN
2c5d9a11-d68d-4f94-a2c6-0dd9ee0ced81,Xã Nậm Chầy,060907,18375a0d-feca-4443-90e3-2862df28b38d,TOWN
49350752-9751-4649-b3e1-1445c284e4a4,Xã Khánh Yên Thượng,060908,18375a0d-feca-4443-90e3-2862df28b38d,TOWN
8e3b5d76-6bc7-4e83-954e-1bd74ea28db2,Xã Nậm Xé,060909,18375a0d-feca-4443-90e3-2862df28b38d,TOWN
2bf76053-70ee-47fa-a7e1-dc67df579b8b,Xã Dần Thàng,060910,18375a0d-feca-4443-90e3-2862df28b38d,TOWN
79f77f08-ae16-4d41-a97a-634195b3eb91,Tỉnh Điện Biên,07,00000000-0000-0000-0000-000000000000,CITY
9aad7da0-c6aa-4fbe-8202-aaf52f97f6ce,Thành phố Điện Biên Phủ,0701,79f77f08-ae16-4d41-a97a-634195b3eb91,DISTRICT
9074caec-b1f2-47fb-b517-b06e8637febc,Phường Noong Bua,070101,9aad7da0-c6aa-4fbe-8202-aaf52f97f6ce,TOWN
6bf838e2-6d36-4acf-bc64-90c81b482a11,Phường Him Lam,070102,9aad7da0-c6aa-4fbe-8202-aaf52f97f6ce,TOWN
56689887-f268-449d-9e42-1c3d30a90a46,Phường Thanh Bình,070103,9aad7da0-c6aa-4fbe-8202-aaf52f97f6ce,TOWN
81df91d9-4fd7-47dd-b6ff-7da9af817b48,Phường Tân Thanh,070104,9aad7da0-c6aa-4fbe-8202-aaf52f97f6ce,TOWN
4b2559cd-619b-4a4e-805d-6f903add06ad,Phường Mường Thanh,070105,9aad7da0-c6aa-4fbe-8202-aaf52f97f6ce,TOWN
9e74afa1-d51b-4364-86ac-724c174e54c4,Phường Nam Thanh,070106,9aad7da0-c6aa-4fbe-8202-aaf52f97f6ce,TOWN
b22dc766-30f1-47e3-9190-99cb921e0cae,Phường Thanh Trường,070107,9aad7da0-c6aa-4fbe-8202-aaf52f97f6ce,TOWN
5dc5feec-ea08-45b6-9324-7f4ba52e3d49,Xã Thanh Minh,070108,9aad7da0-c6aa-4fbe-8202-aaf52f97f6ce,TOWN
eab13a39-04ac-4bfb-ade3-b7b18468688a,Xã Nà Tấu,070109,9aad7da0-c6aa-4fbe-8202-aaf52f97f6ce,TOWN
66c46ea9-f117-4834-bcdf-a6589a490e09,Xã Nà Nhạn,070110,9aad7da0-c6aa-4fbe-8202-aaf52f97f6ce,TOWN
ae35be57-3cbb-4a4f-bac9-14a102dc89aa,Thị Xã Mường Lay,0702,79f77f08-ae16-4d41-a97a-634195b3eb91,DISTRICT
4c9b14ff-28ed-41ee-9608-abc0620428c2,Phường Sông Đà,070201,ae35be57-3cbb-4a4f-bac9-14a102dc89aa,TOWN
6cc3fff1-c5a6-43a7-9c6e-62187492e635,Phường Na Lay,070202,ae35be57-3cbb-4a4f-bac9-14a102dc89aa,TOWN
81b72bd2-544e-45b6-9521-db148ed5f0ef,Xã Lay Nưa,070203,ae35be57-3cbb-4a4f-bac9-14a102dc89aa,TOWN
ba577144-c099-42f3-92eb-02bfc5d75215,Huyện Mường Nhé,0703,79f77f08-ae16-4d41-a97a-634195b3eb91,DISTRICT
30177996-022c-43d5-8677-1753278ba3f7,Xã Sín Thầu,070301,ba577144-c099-42f3-92eb-02bfc5d75215,TOWN
601b0681-a395-4f31-90db-9addf62ec8c7,Xã Sen Thượng,070302,ba577144-c099-42f3-92eb-02bfc5d75215,TOWN
68e483ea-c749-4f91-8410-f6a020533d17,Xã Chung Chải,070303,ba577144-c099-42f3-92eb-02bfc5d75215,TOWN
e5ab6c94-e902-4f02-8246-5a50e16bd7a4,Xã Leng Su Sìn,070304,ba577144-c099-42f3-92eb-02bfc5d75215,TOWN
07f01153-f6ee-42ba-8881-9195bba6eb04,Xã Pá Mỳ,070305,ba577144-c099-42f3-92eb-02bfc5d75215,TOWN
4e312263-af39-498d-a80d-9dfc840332f1,Xã Mường Nhé,070306,ba577144-c099-42f3-92eb-02bfc5d75215,TOWN
f1020a59-fbae-4d1b-9298-3766a1e307a1,Xã Nậm Vì,070307,ba577144-c099-42f3-92eb-02bfc5d75215,TOWN
3a4b714e-8742-4258-9913-30cfb672e4ff,Xã Nậm Kè,070308,ba577144-c099-42f3-92eb-02bfc5d75215,TOWN
34664a95-3901-46b6-9f80-8df763414371,Xã Mường Toong,070309,ba577144-c099-42f3-92eb-02bfc5d75215,TOWN
40203e7f-b114-4a92-8fdf-9cb6c089bc76,Xã Huổi Lếnh,070310,ba577144-c099-42f3-92eb-02bfc5d75215,TOWN
a257381a-0f91-4c9b-8199-15b32f193b25,Huyện Mường Chà,0704,79f77f08-ae16-4d41-a97a-634195b3eb91,DISTRICT
1b1f2ba6-0dbf-4557-8469-e030245bb988,Thị Trấn Mường Chà,070401,a257381a-0f91-4c9b-8199-15b32f193b25,TOWN
94b2d1dd-531a-48df-bb08-ae93b1e6e317,Xã Xá Tổng,070402,a257381a-0f91-4c9b-8199-15b32f193b25,TOWN
cfdf583b-8495-4127-99b9-66f6f9799b4d,Xã Mường Tùng,070403,a257381a-0f91-4c9b-8199-15b32f193b25,TOWN
065e36af-a457-42fe-8f5a-a7cfbf7264dd,Xã Hừa Ngài,070404,a257381a-0f91-4c9b-8199-15b32f193b25,TOWN
14166809-f8f8-4a5d-9cd8-501af37965d2,Xã Huổi Mí,070405,a257381a-0f91-4c9b-8199-15b32f193b25,TOWN
7b2d1c46-8ba5-4179-aad9-0fd37291d7ed,Xã Pa Ham,070406,a257381a-0f91-4c9b-8199-15b32f193b25,TOWN
3a7c19db-7717-446d-ac5b-9a0915ed5138,Xã Nậm Nèn,070407,a257381a-0f91-4c9b-8199-15b32f193b25,TOWN
6d80bf52-aea3-48b1-8307-dc69ee399f2a,Xã Huổi Lèng,070408,a257381a-0f91-4c9b-8199-15b32f193b25,TOWN
57e6d188-5d25-4f97-a484-1596b62f6401,Xã Sa Lông,070409,a257381a-0f91-4c9b-8199-15b32f193b25,TOWN
3c8674eb-a8ef-4ce7-a4c7-9dbac73b3e06,Xã Ma Thì Hồ,070410,a257381a-0f91-4c9b-8199-15b32f193b25,TOWN
6b34ae18-c08f-4c1a-bb34-c9cf7f88bd51,Huyện Tủa Chùa,0705,79f77f08-ae16-4d41-a97a-634195b3eb91,DISTRICT
928a0f47-84f1-49da-9663-b9fea4eafdd4,Thị trấn Tủa Chùa,070501,6b34ae18-c08f-4c1a-bb34-c9cf7f88bd51,TOWN
f48b0577-ee3f-4812-8f6e-b73864271a93,Xã Huổi Só,070502,6b34ae18-c08f-4c1a-bb34-c9cf7f88bd51,TOWN
0b62cf83-52c7-4a44-b4a5-956be39ee586,Xã Tả Sìn Thàng,070503,6b34ae18-c08f-4c1a-bb34-c9cf7f88bd51,TOWN
9777a3bb-2810-4dc5-b8cb-a1f7a5408fb9,Xã Lao Xả Phình,070504,6b34ae18-c08f-4c1a-bb34-c9cf7f88bd51,TOWN
05ac8fdf-15b4-46b5-b76b-0c127f910138,Xã Tủa Thàng,070505,6b34ae18-c08f-4c1a-bb34-c9cf7f88bd51,TOWN
30d905b6-0887-4737-a776-173644ce037e,Xã Trung Thu,070506,6b34ae18-c08f-4c1a-bb34-c9cf7f88bd51,TOWN
a4cbbb53-5d2e-4929-b923-4a17dad93d32,Xã Sính Phình,070507,6b34ae18-c08f-4c1a-bb34-c9cf7f88bd51,TOWN
031c7d75-e40a-41b7-95c5-9030d0ea2bb4,Xã Sáng Nhè,070508,6b34ae18-c08f-4c1a-bb34-c9cf7f88bd51,TOWN
69455013-b7c7-4811-a76a-0dd307f181d2,Xã Mường Đun,070509,6b34ae18-c08f-4c1a-bb34-c9cf7f88bd51,TOWN
0af8ef3f-5987-48d3-86af-ae4a5c910fe9,Xã Mường Báng,070510,6b34ae18-c08f-4c1a-bb34-c9cf7f88bd51,TOWN
2be3d6d1-6672-468d-ad5a-d56c77e14558,Huyện Tuần Giáo,0706,79f77f08-ae16-4d41-a97a-634195b3eb91,DISTRICT
6223ec46-08fb-479f-9d1a-844e0aea0a73,Thị trấn Tuần Giáo,070601,2be3d6d1-6672-468d-ad5a-d56c77e14558,TOWN
80c5e496-0380-4b67-882c-c78c3502b6a7,Xã Phình Sáng,070602,2be3d6d1-6672-468d-ad5a-d56c77e14558,TOWN
c6bd9045-01d0-441f-a854-a27a20910567,Xã Rạng Đông,070603,2be3d6d1-6672-468d-ad5a-d56c77e14558,TOWN
274a2925-2ed5-460c-a676-c8822410369b,Xã Mùn Chung,070604,2be3d6d1-6672-468d-ad5a-d56c77e14558,TOWN
bb77f3d2-870f-456b-bd84-387128e3dbaa,Xã Nà Tòng,070605,2be3d6d1-6672-468d-ad5a-d56c77e14558,TOWN
c5d4ad62-bf46-4919-aaca-662045d283c0,Xã Ta Ma,070606,2be3d6d1-6672-468d-ad5a-d56c77e14558,TOWN
7b5da3e8-2ffc-48b8-8bef-118b4710c5c5,Xã Mường Mùn,070607,2be3d6d1-6672-468d-ad5a-d56c77e14558,TOWN
180de866-0de2-4f7b-af49-02cab928c783,Xã Pú Xi,070608,2be3d6d1-6672-468d-ad5a-d56c77e14558,TOWN
9d3163d5-0e13-440a-a6c0-b3426c840c00,Xã Pú Nhung,070609,2be3d6d1-6672-468d-ad5a-d56c77e14558,TOWN
6657402c-54fd-46a1-94df-c144d5b7fb9d,Xã Quài Nưa,070610,2be3d6d1-6672-468d-ad5a-d56c77e14558,TOWN
c3046e93-c5f1-4d3c-921d-25b778a873fa,Huyện Điện Biên,0707,79f77f08-ae16-4d41-a97a-634195b3eb91,DISTRICT
17cd91c5-5217-4661-985e-3443f456f343,Xã Mường Pồn,070701,c3046e93-c5f1-4d3c-921d-25b778a873fa,TOWN
ff942d91-ac62-4f19-b1f1-6129d6a5a9ff,Xã Thanh Nưa,070702,c3046e93-c5f1-4d3c-921d-25b778a873fa,TOWN
39f9ff5d-ceaf-4f78-a71d-aae12d28933e,Xã Hua Thanh,070703,c3046e93-c5f1-4d3c-921d-25b778a873fa,TOWN
2987b0d5-fda6-454f-92da-b32c86a41815,Xã Thanh Luông,070704,c3046e93-c5f1-4d3c-921d-25b778a873fa,TOWN
77e90286-ead3-4b4e-b485-39f4fdb3ce21,Xã Thanh Hưng,070705,c3046e93-c5f1-4d3c-921d-25b778a873fa,TOWN
0a2c78ca-8e75-4cd2-a240-166a40efa425,Xã Thanh Xương,070706,c3046e93-c5f1-4d3c-921d-25b778a873fa,TOWN
2ef93a2b-4190-4a83-87dd-d78c8ec2acc6,Xã Thanh Chăn,070707,c3046e93-c5f1-4d3c-921d-25b778a873fa,TOWN
3d976140-9904-4702-829a-d2aaac55c5f2,Xã Pa Thơm,070708,c3046e93-c5f1-4d3c-921d-25b778a873fa,TOWN
eb7b7987-6c9d-4bf6-a424-c87d89b1a059,Xã Thanh An,070709,c3046e93-c5f1-4d3c-921d-25b778a873fa,TOWN
4eb6e0e7-f828-49a6-bc6a-f268c535842f,Xã Thanh Yên,070710,c3046e93-c5f1-4d3c-921d-25b778a873fa,TOWN
24ebcfed-d337-4256-8f19-72e1219ed15d,Huyện Điện Biên Đông,0708,79f77f08-ae16-4d41-a97a-634195b3eb91,DISTRICT
56fd5f80-76a5-43ae-ab31-bd561b3187fe,Thị trấn Điện Biên Đông,070801,24ebcfed-d337-4256-8f19-72e1219ed15d,TOWN
09a548ee-6733-47c4-af15-524500bceb01,Xã Na Son,070802,24ebcfed-d337-4256-8f19-72e1219ed15d,TOWN
034c2b01-58c8-4491-8a87-126164986dee,Xã Phì Nhừ,070803,24ebcfed-d337-4256-8f19-72e1219ed15d,TOWN
32dafb2a-08e9-4850-abd5-79761a4a1622,Xã Chiềng Sơ,070804,24ebcfed-d337-4256-8f19-72e1219ed15d,TOWN
d28a4e63-ca4c-4a17-8daa-6898007e5fcf,Xã Mường Luân,070805,24ebcfed-d337-4256-8f19-72e1219ed15d,TOWN
4f83c825-cd48-4da9-9ded-e453fc80f8cf,Xã Pú Nhi,070806,24ebcfed-d337-4256-8f19-72e1219ed15d,TOWN
9e28eae9-c6c5-48d1-89dd-bee0b2ff21f3,Xã Nong U,070807,24ebcfed-d337-4256-8f19-72e1219ed15d,TOWN
cea42bb8-423a-4c90-84fe-f9e08e667d4d,Xã Xa Dung,070808,24ebcfed-d337-4256-8f19-72e1219ed15d,TOWN
a007d9a7-fdb5-4831-822e-373802db045c,Xã Keo Lôm,070809,24ebcfed-d337-4256-8f19-72e1219ed15d,TOWN
1ceeed91-a363-4ff7-839e-7100ca7024ea,Xã Luân Giới,070810,24ebcfed-d337-4256-8f19-72e1219ed15d,TOWN
39fddd45-213e-44d4-9d0e-c1042bf651e5,Huyện Mường Ảng,0709,79f77f08-ae16-4d41-a97a-634195b3eb91,DISTRICT
7e1c7f71-9d61-4c0d-8da8-eb7990e88d8e,Thị trấn Mường Ảng,070901,39fddd45-213e-44d4-9d0e-c1042bf651e5,TOWN
a57cf73e-2d83-420e-8873-6c2f8169999a,Xã Mường Đăng,070902,39fddd45-213e-44d4-9d0e-c1042bf651e5,TOWN
8f310bb5-1ba9-414e-8722-49c4b8fc773d,Xã Ngối Cáy,070903,39fddd45-213e-44d4-9d0e-c1042bf651e5,TOWN
25dc16a8-9672-4b46-9bf9-5e2645e316d8,Xã Ẳng Tở,070904,39fddd45-213e-44d4-9d0e-c1042bf651e5,TOWN
5b9a5373-a4b3-4639-9673-e350564f99cc,Xã Búng Lao,070905,39fddd45-213e-44d4-9d0e-c1042bf651e5,TOWN
c757f25d-bb37-41d1-8628-6c6023cbd7b4,Xã Xuân Lao,070906,39fddd45-213e-44d4-9d0e-c1042bf651e5,TOWN
991aeaeb-619b-4572-8e17-3ba7d54172d6,Xã Ẳng Nưa,070907,39fddd45-213e-44d4-9d0e-c1042bf651e5,TOWN
9c0c2d0e-2fe8-4419-944d-8eb5acbe31d9,Xã Ẳng Cang,070908,39fddd45-213e-44d4-9d0e-c1042bf651e5,TOWN
a53cb049-455b-4453-b72d-41a5c2e299ce,Xã Nặm Lịch,070909,39fddd45-213e-44d4-9d0e-c1042bf651e5,TOWN
7d85be04-8426-4402-a243-c1b872d2b814,Xã Mường Lạn,070910,39fddd45-213e-44d4-9d0e-c1042bf651e5,TOWN
f2b96896-19c7-4eac-bdce-7e57cfab7f5f,Huyện Nậm Pồ,0710,79f77f08-ae16-4d41-a97a-634195b3eb91,DISTRICT
5486f6c4-d8f5-4d66-a779-0170b8207089,Xã Nậm Tin,071001,f2b96896-19c7-4eac-bdce-7e57cfab7f5f,TOWN
3e357a7d-b49e-4ee5-8bde-7f926c50c523,Xã Pa Tần,071002,f2b96896-19c7-4eac-bdce-7e57cfab7f5f,TOWN
d673b5ad-839b-4f8c-abef-2ef0efb31243,Xã Chà Cang,071003,f2b96896-19c7-4eac-bdce-7e57cfab7f5f,TOWN
30baf492-47f2-4aa7-99c8-3509862f59e8,Xã Na Cô Sa,071004,f2b96896-19c7-4eac-bdce-7e57cfab7f5f,TOWN
1faaf13a-bd93-4eb3-9372-155b72dc2aa3,Xã Nà Khoa,071005,f2b96896-19c7-4eac-bdce-7e57cfab7f5f,TOWN
69779e90-3f2e-4814-b7e5-53bbce054727,Xã Nà Hỳ,071006,f2b96896-19c7-4eac-bdce-7e57cfab7f5f,TOWN
691a2167-24b0-46ef-a64a-d6abb944ee84,Xã Nà Bủng,071007,f2b96896-19c7-4eac-bdce-7e57cfab7f5f,TOWN
6371862d-a971-4ad7-b202-2eb343bbc153,Xã Nậm Nhừ,071008,f2b96896-19c7-4eac-bdce-7e57cfab7f5f,TOWN
bdfc56ec-90e9-41c2-8ac2-8165f3a8fb08,Xã Nậm Chua,071009,f2b96896-19c7-4eac-bdce-7e57cfab7f5f,TOWN
ddd77878-5f61-48e1-9394-9903534ddaa4,Xã Nậm Khăn,071010,f2b96896-19c7-4eac-bdce-7e57cfab7f5f,TOWN
5460e10f-1cb2-426f-b264-1ddf6f8f9ba0,Tỉnh Lai Châu,08,00000000-0000-0000-0000-000000000000,CITY
43a62aee-601b-4668-9e75-c837dd96fd45,Thành phố Lai Châu,0801,5460e10f-1cb2-426f-b264-1ddf6f8f9ba0,DISTRICT
d0d0eafc-bdbe-4d94-8bc0-667aa216cffb,Phường Quyết Thắng,080101,43a62aee-601b-4668-9e75-c837dd96fd45,TOWN
396e7bc8-1f32-4b08-9945-f0955213c9ce,Phường Tân Phong,080102,43a62aee-601b-4668-9e75-c837dd96fd45,TOWN
74e5988a-232b-42bb-9648-905dae02fc59,Phường Quyết Tiến,080103,43a62aee-601b-4668-9e75-c837dd96fd45,TOWN
3444b431-6809-4924-ad9d-d1d757cd1e5d,Phường Đoàn Kết,080104,43a62aee-601b-4668-9e75-c837dd96fd45,TOWN
85ae24e2-b105-40ac-a439-b9cde6d4a66a,Xã Sùng Phài,080105,43a62aee-601b-4668-9e75-c837dd96fd45,TOWN
7dabbbee-6c51-4792-ac34-dd7372dc5125,Phường Đông Phong,080106,43a62aee-601b-4668-9e75-c837dd96fd45,TOWN
ec8c8a16-ef0a-4b43-b35b-5a00087b2f3c,Xã San Thàng,080107,43a62aee-601b-4668-9e75-c837dd96fd45,TOWN
d9ea878b-ff53-401b-ad39-f8774ec785b1,Huyện Tam Đường,0802,5460e10f-1cb2-426f-b264-1ddf6f8f9ba0,DISTRICT
3ef1a4cb-460c-4e21-941d-4cf85c554052,Thị trấn Tam Đường,080201,d9ea878b-ff53-401b-ad39-f8774ec785b1,TOWN
eff1c129-0219-48ab-8f78-29828ddb790b,Xã Thèn Sin,080202,d9ea878b-ff53-401b-ad39-f8774ec785b1,TOWN
3770dc87-0e13-401d-94fb-1c29a699fd25,Xã Tả Lèng,080203,d9ea878b-ff53-401b-ad39-f8774ec785b1,TOWN
8aa04ff0-5dc9-408a-a50d-14248bfa8c0c,Xã Giang Ma,080204,d9ea878b-ff53-401b-ad39-f8774ec785b1,TOWN
d8d76c0b-f086-44cd-9a78-430b3619db15,Xã Bình Lư,080205,d9ea878b-ff53-401b-ad39-f8774ec785b1,TOWN
51553a64-bf15-454a-af05-bcb1a5cf11bf,Xã Sơn Bình,080206,d9ea878b-ff53-401b-ad39-f8774ec785b1,TOWN
f51fa335-5954-4dab-bfec-b637272f8980,Xã Nùng Nàng,080207,d9ea878b-ff53-401b-ad39-f8774ec785b1,TOWN
962c28b3-a366-40ea-95a0-70752589b57a,Xã Bản Giang,080208,d9ea878b-ff53-401b-ad39-f8774ec785b1,TOWN
cc4488d4-33e9-4dba-b952-5805596f6976,Xã Bản Hon,080209,d9ea878b-ff53-401b-ad39-f8774ec785b1,TOWN
a6821626-0df5-42c5-907b-48985b80c893,Xã Bản Bo,080210,d9ea878b-ff53-401b-ad39-f8774ec785b1,TOWN
4c58e529-17fa-46cc-a529-a29b855920b0,Huyện Mường Tè,0803,5460e10f-1cb2-426f-b264-1ddf6f8f9ba0,DISTRICT
2cd826ba-79b9-43c9-ac58-2aeeb42fd1f3,Thị trấn Mường Tè,080301,4c58e529-17fa-46cc-a529-a29b855920b0,TOWN
addcd3a6-db7c-4e7e-a677-6ce09a720fed,Xã Thu Lũm,080302,4c58e529-17fa-46cc-a529-a29b855920b0,TOWN
d480d1e2-c296-4edc-a4ee-45db45bb664b,Xã Ka Lăng,080303,4c58e529-17fa-46cc-a529-a29b855920b0,TOWN
8fec08a3-f06e-47c9-9a4b-fa85b3b57257,Xã Tá Bạ,080304,4c58e529-17fa-46cc-a529-a29b855920b0,TOWN
88f9556f-8cbb-47d2-b1b4-9469660a68c4,Xã Pa ủ,080305,4c58e529-17fa-46cc-a529-a29b855920b0,TOWN
e2bafcbe-7126-4088-b16e-fb0dd8b1e080,Xã Mường Tè,080306,4c58e529-17fa-46cc-a529-a29b855920b0,TOWN
08fd8b6d-003a-474e-bcb8-100dd1a8546d,Xã Pa Vệ Sử,080307,4c58e529-17fa-46cc-a529-a29b855920b0,TOWN
69d57d5a-2103-4f78-9e4c-846bb475024c,Xã Mù Cả,080308,4c58e529-17fa-46cc-a529-a29b855920b0,TOWN
5859cb6a-68c0-4686-86ab-2d4a18f40eb9,Xã Bum Tở,080309,4c58e529-17fa-46cc-a529-a29b855920b0,TOWN
fb4d2c5b-6ba2-4cd4-945a-bb1cdea36029,Xã Nậm Khao,080310,4c58e529-17fa-46cc-a529-a29b855920b0,TOWN
a2a60772-ea37-4b7f-b34d-e5c6fac19238,Huyện Sìn Hồ,0804,5460e10f-1cb2-426f-b264-1ddf6f8f9ba0,DISTRICT
608ed8a3-acde-4190-b8a3-3c3e2a52d765,Thị trấn Sìn Hồ,080401,a2a60772-ea37-4b7f-b34d-e5c6fac19238,TOWN
f6fb8aa2-a468-414e-bb8f-defd482b6dea,Xã Chăn Nưa,080402,a2a60772-ea37-4b7f-b34d-e5c6fac19238,TOWN
26ad3255-56a6-49cb-8cff-0446662deb90,Xã Hồng Thu,080403,a2a60772-ea37-4b7f-b34d-e5c6fac19238,TOWN
6942e39e-96fc-4551-8b67-ebc46b35b535,Xã Phăng Sô Lin,080404,a2a60772-ea37-4b7f-b34d-e5c6fac19238,TOWN
c3b3c2bd-d8f7-48dc-819d-794e4c0743e3,Xã Ma Quai,080405,a2a60772-ea37-4b7f-b34d-e5c6fac19238,TOWN
4907598d-6133-403f-aaa6-4705c0bce637,Xã Lùng Thàng,080406,a2a60772-ea37-4b7f-b34d-e5c6fac19238,TOWN
71c349ff-9c18-446f-9c9e-b3bf35bc9792,Xã Sà Dề Phìn,080407,a2a60772-ea37-4b7f-b34d-e5c6fac19238,TOWN
b192703d-db2b-4124-b930-1cc7fc32fac8,Xã Nậm Tăm,080408,a2a60772-ea37-4b7f-b34d-e5c6fac19238,TOWN
fb1024e9-3962-4a39-b985-fb44b470a2f5,Xã Tả Ngảo,080409,a2a60772-ea37-4b7f-b34d-e5c6fac19238,TOWN
59b368ca-849d-4aab-aca6-c6cff3134be3,Xã Pu Sam Cáp,080410,a2a60772-ea37-4b7f-b34d-e5c6fac19238,TOWN
c12f2e97-2367-464d-83f8-eadd77c354e9,Huyện Phong Thổ,0805,5460e10f-1cb2-426f-b264-1ddf6f8f9ba0,DISTRICT
244ab6d3-2480-4ecf-aa50-9d9396bcc9a6,Xã Lả Nhì Thàng,080501,c12f2e97-2367-464d-83f8-eadd77c354e9,TOWN
646a220a-1200-4e36-a9e2-88346aa19e0e,Xã Huổi Luông,080502,c12f2e97-2367-464d-83f8-eadd77c354e9,TOWN
6ad601ef-4bd5-409a-933c-440e810631fc,Thị trấn Phong Thổ,080503,c12f2e97-2367-464d-83f8-eadd77c354e9,TOWN
49227156-fe2a-49a2-a6ff-8b7388a2b339,Xã Sì Lở Lầu,080504,c12f2e97-2367-464d-83f8-eadd77c354e9,TOWN
2063ec1a-88e5-49cb-a335-e30a58869a62,Xã Mồ Sì San,080505,c12f2e97-2367-464d-83f8-eadd77c354e9,TOWN
d7479d3e-28a4-4b8e-a103-dbbdccd20a20,Xã Pa Vây Sử,080506,c12f2e97-2367-464d-83f8-eadd77c354e9,TOWN
fa9f9148-b7c4-415e-b4dc-caea2bed5433,Xã Vàng Ma Chải,080507,c12f2e97-2367-464d-83f8-eadd77c354e9,TOWN
d0e66ef8-eec3-4da1-a5a8-c0d78661c6a8,Xã Tông Qua Lìn,080508,c12f2e97-2367-464d-83f8-eadd77c354e9,TOWN
31f41d9c-00e2-4bc0-a884-b8e7cb481757,Xã Mù Sang,080509,c12f2e97-2367-464d-83f8-eadd77c354e9,TOWN
f61558e4-0506-4c7b-9a3b-efa01c1c604f,Xã Dào San,080510,c12f2e97-2367-464d-83f8-eadd77c354e9,TOWN
477225fd-c4f7-4a58-8f75-d62360c6ff88,Huyện Than Uyên,0806,5460e10f-1cb2-426f-b264-1ddf6f8f9ba0,DISTRICT
5812d296-a257-42e8-95d3-a1e870ab51b4,Thị trấn Than Uyên,080601,477225fd-c4f7-4a58-8f75-d62360c6ff88,TOWN
34711ee3-64f7-4dcb-8dd2-17c743d44168,Xã Phúc Than,080602,477225fd-c4f7-4a58-8f75-d62360c6ff88,TOWN
f78db210-90ad-43bd-b7a0-d8a6f3cadf73,Xã Mường Than,080603,477225fd-c4f7-4a58-8f75-d62360c6ff88,TOWN
49d18c04-4437-43ea-aeb3-75bc7b7e2e65,Xã Mường Mít,080604,477225fd-c4f7-4a58-8f75-d62360c6ff88,TOWN
50a9216a-fd84-4539-977e-1ca4d0b5b96d,Xã Pha Mu,080605,477225fd-c4f7-4a58-8f75-d62360c6ff88,TOWN
abe0ec27-8127-4fee-9f30-61416618626f,Xã Mường Cang,080606,477225fd-c4f7-4a58-8f75-d62360c6ff88,TOWN
43258e2f-e6d0-41da-a669-5fd5c24e6ff2,Xã Hua Nà,080607,477225fd-c4f7-4a58-8f75-d62360c6ff88,TOWN
3848042a-8435-4394-bcae-5d3e3b799edd,Xã Tà Hừa,080608,477225fd-c4f7-4a58-8f75-d62360c6ff88,TOWN
3e2fe935-093d-409a-8d39-81a50406c00d,Xã Mường Kim,080609,477225fd-c4f7-4a58-8f75-d62360c6ff88,TOWN
b775df83-269d-4633-aaf2-775180ad8c9f,Xã Tà Mung,080610,477225fd-c4f7-4a58-8f75-d62360c6ff88,TOWN
28865f5e-51be-4e77-b22a-64a5eaead61c,Huyện Tân Uyên,0807,5460e10f-1cb2-426f-b264-1ddf6f8f9ba0,DISTRICT
c088cbc2-2cb3-4597-adc1-d865cbb7ebd6,Thị trấn Tân Uyên,080701,28865f5e-51be-4e77-b22a-64a5eaead61c,TOWN
575cf4f9-e354-4964-93b9-19656ed6b6f0,Xã Mường Khoa,080702,28865f5e-51be-4e77-b22a-64a5eaead61c,TOWN
16acbdb4-2f03-40dc-95c1-306bdecbc7da,Xã Phúc Khoa,080703,28865f5e-51be-4e77-b22a-64a5eaead61c,TOWN
4b98dd8c-148b-4e55-9563-a42a0fc1b190,Xã Thân Thuộc,080704,28865f5e-51be-4e77-b22a-64a5eaead61c,TOWN
ad8528db-2c51-4061-a74d-c47aaf104f58,Xã Trung Đồng,080705,28865f5e-51be-4e77-b22a-64a5eaead61c,TOWN
58d7f65b-8f73-4b23-9f55-6fa2186b1abb,Xã Hố Mít,080706,28865f5e-51be-4e77-b22a-64a5eaead61c,TOWN
0229ebad-c415-47a1-b580-02445d0ea753,Xã Nậm Cần,080707,28865f5e-51be-4e77-b22a-64a5eaead61c,TOWN
d32cffdf-566c-44a6-bf6f-6ccba0ef094f,Xã Nậm Sỏ,080708,28865f5e-51be-4e77-b22a-64a5eaead61c,TOWN
abbe4022-c489-463e-aaa2-2fc395fef7e7,Xã Pắc Ta,080709,28865f5e-51be-4e77-b22a-64a5eaead61c,TOWN
997a424f-7a66-4f7e-aaee-8cc8fdd6c39b,Xã Tà Mít,080710,28865f5e-51be-4e77-b22a-64a5eaead61c,TOWN
fec73af5-18bb-49d2-bc1f-d121eace4ca5,Huyện Nậm Nhùn,0808,5460e10f-1cb2-426f-b264-1ddf6f8f9ba0,DISTRICT
fdc15c0f-02ab-4f38-9b26-7b1fcd64dfa1,Thị trấn Nậm Nhùn,080801,fec73af5-18bb-49d2-bc1f-d121eace4ca5,TOWN
22ab16dd-d1ac-4c15-a3d6-9ee16c90171e,Xã Hua Bun,080802,fec73af5-18bb-49d2-bc1f-d121eace4ca5,TOWN
83af7249-daa8-4ac5-9a70-41734a85f762,Xã Mường Mô,080803,fec73af5-18bb-49d2-bc1f-d121eace4ca5,TOWN
1968755a-1f59-4a67-bf18-35c72552ccda,Xã Nậm Chà,080804,fec73af5-18bb-49d2-bc1f-d121eace4ca5,TOWN
b0d94386-9617-422d-8a92-5587cb98dfe7,Xã Nậm Manh,080805,fec73af5-18bb-49d2-bc1f-d121eace4ca5,TOWN
c294781e-eb2f-4682-b3bf-a68c077bed6a,Xã Nậm Hàng,080806,fec73af5-18bb-49d2-bc1f-d121eace4ca5,TOWN
1416638d-f37b-4735-b40e-57664cf854d2,Xã Pú Đao,080807,fec73af5-18bb-49d2-bc1f-d121eace4ca5,TOWN
039de177-acb4-4fcc-9825-abd202f0696f,Xã Nậm Pì,080808,fec73af5-18bb-49d2-bc1f-d121eace4ca5,TOWN
45dd1ec4-4bfa-48b8-a33f-8929b69510d1,Tỉnh Sơn La,09,00000000-0000-0000-0000-000000000000,CITY
ea0c6881-53f4-4bd4-be19-f84c35f60ef4,Thành phố Sơn La,0901,45dd1ec4-4bfa-48b8-a33f-8929b69510d1,DISTRICT
c1af700f-0845-4749-afb4-d22c42d40751,Phường Chiềng Lề,090101,ea0c6881-53f4-4bd4-be19-f84c35f60ef4,TOWN
ba9b409c-8aac-4570-bc8f-73dd8d2baa67,Phường Tô Hiệu,090102,ea0c6881-53f4-4bd4-be19-f84c35f60ef4,TOWN
3b59d585-48d4-46c5-b71c-7cbb64d0ec6f,Phường Quyết Tâm,090103,ea0c6881-53f4-4bd4-be19-f84c35f60ef4,TOWN
55a34a36-969c-482e-8f55-098f96a2761a,Xã Chiềng Cọ,090104,ea0c6881-53f4-4bd4-be19-f84c35f60ef4,TOWN
0784ab51-c24e-4dfd-b968-5eba64cd740b,Xã Chiềng Đen,090105,ea0c6881-53f4-4bd4-be19-f84c35f60ef4,TOWN
2aced5af-c895-4e29-aaf8-484267070bb4,Xã Chiềng Xôm,090106,ea0c6881-53f4-4bd4-be19-f84c35f60ef4,TOWN
bb94103d-88ea-4f91-86f8-7039c768c6af,Phường Chiềng An,090107,ea0c6881-53f4-4bd4-be19-f84c35f60ef4,TOWN
2e575354-3ba1-40ac-84bd-83a023eef29c,Phường Chiềng Cơi,090108,ea0c6881-53f4-4bd4-be19-f84c35f60ef4,TOWN
23698419-76fd-4134-af13-e3d32ba7ff50,Xã Chiềng Ngần,090109,ea0c6881-53f4-4bd4-be19-f84c35f60ef4,TOWN
4b33abbe-d5ae-4973-a884-264c186f6692,Xã Hua La,090110,ea0c6881-53f4-4bd4-be19-f84c35f60ef4,TOWN
d5ffbdd0-d779-4cbe-b412-4dc07571b953,Huyện Quỳnh Nhai,0902,45dd1ec4-4bfa-48b8-a33f-8929b69510d1,DISTRICT
4934f44b-5f25-488b-a508-3bbfb682fd0a,Xã Mường Chiên,090201,d5ffbdd0-d779-4cbe-b412-4dc07571b953,TOWN
84349574-7c90-4d24-9d70-5d42f0101bc3,Xã Cà Nàng,090202,d5ffbdd0-d779-4cbe-b412-4dc07571b953,TOWN
c0e7439a-3ade-4f64-a495-66f53b75d47d,Xã Chiềng Khay,090203,d5ffbdd0-d779-4cbe-b412-4dc07571b953,TOWN
667b79ed-9d71-44ea-96dc-609602dc7e9d,Xã Mường Giôn,090204,d5ffbdd0-d779-4cbe-b412-4dc07571b953,TOWN
57ef360c-c306-4f6a-827d-df6eb6518c49,Xã Pá Ma Pha Khinh,090205,d5ffbdd0-d779-4cbe-b412-4dc07571b953,TOWN
2b9d3636-98a1-4a1e-b41b-1eac2c021952,Xã Chiềng Ơn,090206,d5ffbdd0-d779-4cbe-b412-4dc07571b953,TOWN
b19b6ecf-0b88-480b-a6fe-0f8b394229f1,Xã Mường Giàng,090207,d5ffbdd0-d779-4cbe-b412-4dc07571b953,TOWN
78e2d5dd-6094-4256-b113-a72790094251,Xã Chiềng Bằng,090208,d5ffbdd0-d779-4cbe-b412-4dc07571b953,TOWN
5162e91a-6d39-457b-bc8b-5d2f41666e84,Xã Mường Sại,090209,d5ffbdd0-d779-4cbe-b412-4dc07571b953,TOWN
59d15113-fc08-48bf-9ff7-68b51d55f501,Xã Nậm ét,090210,d5ffbdd0-d779-4cbe-b412-4dc07571b953,TOWN
2dce273c-42a0-400c-95e4-e5ccc8758e9a,Huyện Thuận Châu,0903,45dd1ec4-4bfa-48b8-a33f-8929b69510d1,DISTRICT
52c7ae5f-eab2-4f56-a4c5-638f39046cb7,Thị trấn Thuận Châu,090301,2dce273c-42a0-400c-95e4-e5ccc8758e9a,TOWN
84f53e9a-1385-42d9-80cb-77495ac325e4,Xã Phổng Lái,090302,2dce273c-42a0-400c-95e4-e5ccc8758e9a,TOWN
ba6a0906-6883-4011-b3a9-bb729593a097,Xã Mường é,090303,2dce273c-42a0-400c-95e4-e5ccc8758e9a,TOWN
8c800760-3732-4a0a-b84e-e3ff661ddaee,Xã Chiềng Pha,090304,2dce273c-42a0-400c-95e4-e5ccc8758e9a,TOWN
a56fc8b7-4dca-4c60-9e6c-c48b19f0a225,Xã Chiềng La,090305,2dce273c-42a0-400c-95e4-e5ccc8758e9a,TOWN
fafe4025-4938-4b7f-bd9d-15f6eebd1bef,Xã Chiềng Ngàm,090306,2dce273c-42a0-400c-95e4-e5ccc8758e9a,TOWN
2cb9a74d-d2b8-4329-9dec-33e47d32c99f,Xã Liệp Tè,090307,2dce273c-42a0-400c-95e4-e5ccc8758e9a,TOWN
c7fe60c3-1305-4b7b-a351-6268541a04cc,Xã é Tòng,090308,2dce273c-42a0-400c-95e4-e5ccc8758e9a,TOWN
02a2980a-259a-4000-a02b-9a46f658c91a,Xã Phổng Lập,090309,2dce273c-42a0-400c-95e4-e5ccc8758e9a,TOWN
df1696ec-b9c9-4350-a3f5-915e877461cd,Xã Phổng Lăng,090310,2dce273c-42a0-400c-95e4-e5ccc8758e9a,TOWN
7992e3da-7e4b-4f57-93f6-c05ff306952b,Huyện Mường La,0904,45dd1ec4-4bfa-48b8-a33f-8929b69510d1,DISTRICT
3ba3c2e9-6396-4d10-9ec0-1dcb42f39a6b,Thị trấn Ít Ong,090401,7992e3da-7e4b-4f57-93f6-c05ff306952b,TOWN
351f7a9f-dda8-4f15-a4ae-46307c9b0b72,Xã Nậm Giôn,090402,7992e3da-7e4b-4f57-93f6-c05ff306952b,TOWN
afb071c2-eccf-4975-8172-499fa2476ac6,Xã Chiềng Lao,090403,7992e3da-7e4b-4f57-93f6-c05ff306952b,TOWN
af93053f-00c3-468d-b915-515f347ef1e9,Xã Hua Trai,090404,7992e3da-7e4b-4f57-93f6-c05ff306952b,TOWN
721cb977-b3eb-4664-bc79-1ab6266ed039,Xã Ngọc Chiến,090405,7992e3da-7e4b-4f57-93f6-c05ff306952b,TOWN
46772c81-9ecd-4552-8ca0-f378bca58981,Xã Mường Trai,090406,7992e3da-7e4b-4f57-93f6-c05ff306952b,TOWN
f91d1cc8-213d-46f0-bca9-a2a835857316,Xã Nậm Păm,090407,7992e3da-7e4b-4f57-93f6-c05ff306952b,TOWN
b5a26a4c-1e89-4b6e-bee6-f7f5bd97e6b5,Xã Chiềng Muôn,090408,7992e3da-7e4b-4f57-93f6-c05ff306952b,TOWN
4b9ab763-14c5-4a5a-89db-f0130f07e8ad,Xã Chiềng Ân,090409,7992e3da-7e4b-4f57-93f6-c05ff306952b,TOWN
fe638897-4827-45c6-829d-44e5ebe90e3d,Xã Pi Toong,090410,7992e3da-7e4b-4f57-93f6-c05ff306952b,TOWN
4e230370-549b-46b2-9eae-3cb2bd08c923,Huyện Bắc Yên,0905,45dd1ec4-4bfa-48b8-a33f-8929b69510d1,DISTRICT
800a3036-e23e-4cc9-a273-aa48f9114c91,Thị trấn Bắc Yên,090501,4e230370-549b-46b2-9eae-3cb2bd08c923,TOWN
297bfdfb-933a-4978-9ea1-44af0dc50d1b,Xã Phiêng Ban,090502,4e230370-549b-46b2-9eae-3cb2bd08c923,TOWN
8c66d86c-3223-4f28-857d-7004d8951fac,Xã Hang Chú,090503,4e230370-549b-46b2-9eae-3cb2bd08c923,TOWN
7634f0b7-2b48-452e-8826-b6334a0fb326,Xã Xím Vàng,090504,4e230370-549b-46b2-9eae-3cb2bd08c923,TOWN
ddc89980-b6b4-4239-9ae1-2510533cd61b,Xã Tà Xùa,090505,4e230370-549b-46b2-9eae-3cb2bd08c923,TOWN
6a9958a5-1e21-4724-bb7d-60fc3b7636ac,Xã Háng Đồng,090506,4e230370-549b-46b2-9eae-3cb2bd08c923,TOWN
f73a1cb2-eb9f-432f-b4ef-853142068e3f,Xã Pắc Ngà,090507,4e230370-549b-46b2-9eae-3cb2bd08c923,TOWN
5ec5d26e-cffc-40a4-bb0c-01851214dd41,Xã Làng Chếu,090508,4e230370-549b-46b2-9eae-3cb2bd08c923,TOWN
01742c22-f1b0-4af4-af61-9800608a8844,Xã Chim Vàn,090509,4e230370-549b-46b2-9eae-3cb2bd08c923,TOWN
bddba061-fddf-4882-8574-8b28d92b6215,Xã Song Pe,090510,4e230370-549b-46b2-9eae-3cb2bd08c923,TOWN
b90247bd-fd6c-442d-8d40-4e6432d5d3b9,Huyện Phù Yên,0906,45dd1ec4-4bfa-48b8-a33f-8929b69510d1,DISTRICT
ca393778-a8d8-4768-93f5-933e24381fda,Thị trấn Phù Yên,090601,b90247bd-fd6c-442d-8d40-4e6432d5d3b9,TOWN
c8008a3f-5eaa-4e34-85ea-9468e4940e77,Xã Suối Tọ,090602,b90247bd-fd6c-442d-8d40-4e6432d5d3b9,TOWN
16ac2c10-802f-4ebc-b42f-0f8fa642b552,Xã Mường Thải,090603,b90247bd-fd6c-442d-8d40-4e6432d5d3b9,TOWN
0824a3d1-b5f4-4e64-bb69-270f0eb8cb77,Xã Mường Cơi,090604,b90247bd-fd6c-442d-8d40-4e6432d5d3b9,TOWN
f67cf73d-3a2c-4be9-8d7a-b4117b423552,Xã Quang Huy,090605,b90247bd-fd6c-442d-8d40-4e6432d5d3b9,TOWN
839efbad-03ab-4c11-b8ea-7f1ec29151e3,Xã Huy Bắc,090606,b90247bd-fd6c-442d-8d40-4e6432d5d3b9,TOWN
3a96c0be-9c50-4fbe-a4c6-9cb27ab7525a,Xã Huy Thượng,090607,b90247bd-fd6c-442d-8d40-4e6432d5d3b9,TOWN
1b00a79d-6bb6-4c12-84e3-1b93e89d675d,Xã Tân Lang,090608,b90247bd-fd6c-442d-8d40-4e6432d5d3b9,TOWN
a8fbf0ac-8def-4b87-a233-a360f13c76e2,Xã Gia Phù,090609,b90247bd-fd6c-442d-8d40-4e6432d5d3b9,TOWN
7190ff51-5e13-4e6c-b52f-52bb45474929,Xã Tường Phù,090610,b90247bd-fd6c-442d-8d40-4e6432d5d3b9,TOWN
094ca064-d4eb-44bf-92ec-7cc3d466d83d,Huyện Mộc Châu,0907,45dd1ec4-4bfa-48b8-a33f-8929b69510d1,DISTRICT
d752069d-4ba9-44f6-b713-8a23b9710072,Thị trấn Mộc Châu,090701,094ca064-d4eb-44bf-92ec-7cc3d466d83d,TOWN
3e64df3d-cab4-49f1-aaf3-5a71008e2da1,Thị trấn NT Mộc Châu,090702,094ca064-d4eb-44bf-92ec-7cc3d466d83d,TOWN
142c92d3-aa0e-4c22-b973-5df890d896b6,Xã Chiềng Sơn,090703,094ca064-d4eb-44bf-92ec-7cc3d466d83d,TOWN
8adecfc5-22e9-4ac9-abb0-5f9df2915959,Xã Tân Hợp,090704,094ca064-d4eb-44bf-92ec-7cc3d466d83d,TOWN
04605da1-9426-490e-a54e-cc303b0233bd,Xã Qui Hướng,090705,094ca064-d4eb-44bf-92ec-7cc3d466d83d,TOWN
1c5e534d-4467-46a4-8fac-b8f070ccdf61,Xã Nà Mường,090706,094ca064-d4eb-44bf-92ec-7cc3d466d83d,TOWN
0803f7f9-f79f-46d7-a973-1eb6066a3677,Xã Tà Lai,090707,094ca064-d4eb-44bf-92ec-7cc3d466d83d,TOWN
37f7c0a4-ab2e-4001-bbef-b181c6279190,Xã Chiềng Hắc,090708,094ca064-d4eb-44bf-92ec-7cc3d466d83d,TOWN
83bb6740-ddbf-4089-83a2-f9ef9fe279a1,Xã Hua Păng,090709,094ca064-d4eb-44bf-92ec-7cc3d466d83d,TOWN
d418a925-16e1-428b-8ff3-f10753d13a4c,Xã Chiềng Khừa,090710,094ca064-d4eb-44bf-92ec-7cc3d466d83d,TOWN
778da410-5cd4-4657-94d7-95cd97e50beb,Huyện Yên Châu,0908,45dd1ec4-4bfa-48b8-a33f-8929b69510d1,DISTRICT
6bbd7498-50a0-4d9a-a5f2-08bf6c2d45f4,Thị trấn Yên Châu,090801,778da410-5cd4-4657-94d7-95cd97e50beb,TOWN
b77dba06-9426-48a4-a6e0-63a85197795f,Xã Sập Vạt,090802,778da410-5cd4-4657-94d7-95cd97e50beb,TOWN
6d709571-a80a-4a83-a844-012397f6e4df,Xã Chiềng Sàng,090803,778da410-5cd4-4657-94d7-95cd97e50beb,TOWN
bb295a04-caeb-4205-b25c-6f5461865d39,Xã Chiềng Pằn,090804,778da410-5cd4-4657-94d7-95cd97e50beb,TOWN
d45b56b6-4fa1-4c8e-b920-09a464a68e59,Xã Viêng Lán,090805,778da410-5cd4-4657-94d7-95cd97e50beb,TOWN
01e3095e-0d59-4889-a847-78a78b36da29,Xã Chiềng Hặc,090806,778da410-5cd4-4657-94d7-95cd97e50beb,TOWN
3fa9a14e-f32f-43f3-b16c-e6b3738482ae,Xã Mường Lựm,090807,778da410-5cd4-4657-94d7-95cd97e50beb,TOWN
e95214f1-5d62-4102-90d3-3da6ae138086,Xã Chiềng On,090808,778da410-5cd4-4657-94d7-95cd97e50beb,TOWN
567291f3-d4eb-4294-8d4f-80078f8f43e4,Xã Chiềng Khoi,090809,778da410-5cd4-4657-94d7-95cd97e50beb,TOWN
40c0e3ee-aa30-4392-9ee4-6fbc293128cc,Xã Tú Nang,090810,778da410-5cd4-4657-94d7-95cd97e50beb,TOWN
8d500f2b-8f2a-4657-b402-3f9057af8197,Huyện Mai Sơn,0909,45dd1ec4-4bfa-48b8-a33f-8929b69510d1,DISTRICT
98ea4d48-7f74-424e-97dc-16ceddf7217d,Thị trấn Hát Lót,090901,8d500f2b-8f2a-4657-b402-3f9057af8197,TOWN
f55d4eec-572c-4455-80e0-777c364ee104,Xã Chiềng Sung,090902,8d500f2b-8f2a-4657-b402-3f9057af8197,TOWN
a743e66c-17f9-44c8-a855-1483a4dc73f0,Xã Mường Bằng,090903,8d500f2b-8f2a-4657-b402-3f9057af8197,TOWN
b127dd9f-4fd4-464d-a2ee-0b27455219b2,Xã Chiềng Chăn,090904,8d500f2b-8f2a-4657-b402-3f9057af8197,TOWN
5efd6418-70f0-4f61-a35d-188a1c822916,Xã Mương Chanh,090905,8d500f2b-8f2a-4657-b402-3f9057af8197,TOWN
7f701643-0e37-455c-b854-72a1dee715a5,Xã Chiềng Ban,090906,8d500f2b-8f2a-4657-b402-3f9057af8197,TOWN
b053cf13-0503-4554-b5f7-c0e4c2f81c12,Xã Chiềng Mung,090907,8d500f2b-8f2a-4657-b402-3f9057af8197,TOWN
e70fe599-aa66-47d5-ae44-6437910d5e1a,Xã Mường Bon,090908,8d500f2b-8f2a-4657-b402-3f9057af8197,TOWN
fdf4cd09-e03b-44fb-bed8-eda89b3dedec,Xã Chiềng Chung,090909,8d500f2b-8f2a-4657-b402-3f9057af8197,TOWN
b75c26fb-2741-4ff7-9ee0-cbd27f8c8967,Xã Chiềng Mai,090910,8d500f2b-8f2a-4657-b402-3f9057af8197,TOWN
f1f2ce66-773e-42f6-854b-caeb8f4723ab,Huyện Sông Mã,0910,45dd1ec4-4bfa-48b8-a33f-8929b69510d1,DISTRICT
1c1d51ef-85db-482b-83c7-052f5dea4692,Thị trấn Sông Mã,091001,f1f2ce66-773e-42f6-854b-caeb8f4723ab,TOWN
0cc301eb-74b5-40ef-abbf-ce9c8b4f3a3c,Xã Bó Sinh,091002,f1f2ce66-773e-42f6-854b-caeb8f4723ab,TOWN
835f35ca-228d-4f3e-be1d-ba6dc749049e,Xã Pú Pẩu,091003,f1f2ce66-773e-42f6-854b-caeb8f4723ab,TOWN
9a605cf3-80f1-4b0b-90cc-c3ee75b6c293,Xã Chiềng Phung,091004,f1f2ce66-773e-42f6-854b-caeb8f4723ab,TOWN
3bcdd98f-0bcf-4edd-863b-8f3b8a3fca48,Xã Chiềng En,091005,f1f2ce66-773e-42f6-854b-caeb8f4723ab,TOWN
582f4771-7dc4-47bd-b293-5e0438427b43,Xã Mường Lầm,091006,f1f2ce66-773e-42f6-854b-caeb8f4723ab,TOWN
42505725-0e34-48a3-96bf-8c7e6dfc0861,Xã Nậm Ty,091007,f1f2ce66-773e-42f6-854b-caeb8f4723ab,TOWN
61c064f5-00ca-4393-b33f-49a6797240a8,Xã Đứa Mòn,091008,f1f2ce66-773e-42f6-854b-caeb8f4723ab,TOWN
ade4dece-4c0e-40e4-ba39-9b908d500c31,Xã Yên Hưng,091009,f1f2ce66-773e-42f6-854b-caeb8f4723ab,TOWN
e42c248f-591d-4caa-8938-108db4e59114,Xã Nà Nghịu,091010,f1f2ce66-773e-42f6-854b-caeb8f4723ab,TOWN
d4c3a365-c073-42af-ba0a-598b90256647,Tỉnh Yên Bái,10,00000000-0000-0000-0000-000000000000,CITY
d15a3f72-745d-4b9d-ad47-203a79a1cfba,Thành phố Yên Bái,1001,d4c3a365-c073-42af-ba0a-598b90256647,DISTRICT
bbe1f09b-325e-4a7d-96dd-6e3eea1c0dbf,Phường Yên Thịnh,100101,d15a3f72-745d-4b9d-ad47-203a79a1cfba,TOWN
0394f2f9-7bf8-4674-a6c3-5e1d1efa34a0,Phường Yên Ninh,100102,d15a3f72-745d-4b9d-ad47-203a79a1cfba,TOWN
9057d3d4-5ade-4894-8467-1f143ab7b1b1,Phường Minh Tân,100103,d15a3f72-745d-4b9d-ad47-203a79a1cfba,TOWN
77cabe2e-0f1f-4ccf-b861-7c6549ef5013,Phường Nguyễn Thái Học,100104,d15a3f72-745d-4b9d-ad47-203a79a1cfba,TOWN
dd0ced2c-a901-4e44-be98-ad4c05c7bd58,Phường Nguyễn Phúc,100105,d15a3f72-745d-4b9d-ad47-203a79a1cfba,TOWN
12f59e88-76ea-4416-8924-3341971bde88,Phường Hồng Hà,100106,d15a3f72-745d-4b9d-ad47-203a79a1cfba,TOWN
8b9d9d55-0708-4bb2-a7d9-3c81042e9742,Xã Minh Bảo,100107,d15a3f72-745d-4b9d-ad47-203a79a1cfba,TOWN
2f94a92c-079c-4855-8585-358a3f9225a3,Xã Tuy Lộc,100108,d15a3f72-745d-4b9d-ad47-203a79a1cfba,TOWN
e3df7c4d-b8fe-46e5-9d8b-7a6bca7c328d,Xã Âu Lâu,100109,d15a3f72-745d-4b9d-ad47-203a79a1cfba,TOWN
6811220c-1673-4a0d-9305-61846034ee4c,Xã Giới Phiên,100110,d15a3f72-745d-4b9d-ad47-203a79a1cfba,TOWN
ae5ec3fe-e450-4d08-91ff-1f4334bbd254,Thị xã Nghĩa Lộ,1002,d4c3a365-c073-42af-ba0a-598b90256647,DISTRICT
ed81aa86-4367-409f-8af3-6f1e757ba36c,Phường Pú Trạng,100201,ae5ec3fe-e450-4d08-91ff-1f4334bbd254,TOWN
8d3804c2-8753-4681-b479-ca9fe8ac69b3,Phường Trung Tâm,100202,ae5ec3fe-e450-4d08-91ff-1f4334bbd254,TOWN
a560364d-d362-4c58-9dd1-2aeaf2ae6793,Phường Tân An,100203,ae5ec3fe-e450-4d08-91ff-1f4334bbd254,TOWN
ea11a7f8-7ac3-4ff3-9417-efced1574e94,Phường Cầu Thia,100204,ae5ec3fe-e450-4d08-91ff-1f4334bbd254,TOWN
b3e2f00a-511d-4ede-bc80-559e18ff2c86,Xã Nghĩa Lợi,100205,ae5ec3fe-e450-4d08-91ff-1f4334bbd254,TOWN
468aa3fb-c79d-4849-a2c9-47720102705a,Xã Nghĩa Phúc,100206,ae5ec3fe-e450-4d08-91ff-1f4334bbd254,TOWN
45b285b2-a5b2-4722-a9da-6af2efac20be,Xã Nghĩa An,100207,ae5ec3fe-e450-4d08-91ff-1f4334bbd254,TOWN
d87764cc-c551-459b-af7f-747c167dc666,Xã Nghĩa Lộ,100208,ae5ec3fe-e450-4d08-91ff-1f4334bbd254,TOWN
0ff21879-c6f6-47d9-a45c-99c4fe761028,Xã Sơn A,100209,ae5ec3fe-e450-4d08-91ff-1f4334bbd254,TOWN
91557cee-c4b1-4669-8017-52848b971e5b,Xã Phù Nham,100210,ae5ec3fe-e450-4d08-91ff-1f4334bbd254,TOWN
536fd1e2-5082-4b4c-988d-4400d54d439b,Huyện Lục Yên,1003,d4c3a365-c073-42af-ba0a-598b90256647,DISTRICT
ed87306e-2976-4cc7-a6ba-10f543efd086,Thị trấn Yên Thế,100301,536fd1e2-5082-4b4c-988d-4400d54d439b,TOWN
6ef189bc-9312-4e85-8dd3-a1b6bd60e07b,Xã Tân Phượng,100302,536fd1e2-5082-4b4c-988d-4400d54d439b,TOWN
ebc9acf0-8ff9-46a3-915a-c8e95061c4bb,Xã Lâm Thượng,100303,536fd1e2-5082-4b4c-988d-4400d54d439b,TOWN
8bfb40be-6d79-4775-8daa-3bdb3ec3fe6b,Xã Khánh Thiện,100304,536fd1e2-5082-4b4c-988d-4400d54d439b,TOWN
150d5d4a-1838-49e0-9d22-08d6db70fe87,Xã Minh Chuẩn,100305,536fd1e2-5082-4b4c-988d-4400d54d439b,TOWN
c676a740-866a-442b-a610-549c185cac7a,Xã Mai Sơn,100306,536fd1e2-5082-4b4c-988d-4400d54d439b,TOWN
56afd257-4cfc-4382-96dc-ade2f5507ed9,Xã Khai Trung,100307,536fd1e2-5082-4b4c-988d-4400d54d439b,TOWN
94265e10-3755-482c-8e79-4dc329a546b3,Xã Mường Lai,100308,536fd1e2-5082-4b4c-988d-4400d54d439b,TOWN
641aa89c-bc9a-4b06-bc7f-8e1164c839ad,Xã Minh Xuân,100309,536fd1e2-5082-4b4c-988d-4400d54d439b,TOWN
d4898b1d-ffbe-42aa-9b64-18d5ed379e93,Xã Tô Mậu,100310,536fd1e2-5082-4b4c-988d-4400d54d439b,TOWN
6e927d44-b546-4121-9f5c-5b5ffb24cbaa,Huyện Văn Yên,1004,d4c3a365-c073-42af-ba0a-598b90256647,DISTRICT
71c8f056-9ebc-42b2-a2b8-05adb3bbb171,Thị trấn Mậu A,100401,6e927d44-b546-4121-9f5c-5b5ffb24cbaa,TOWN
8b55f2a5-604b-487c-9f01-c09fbd79e8a5,Xã Lang Thíp,100402,6e927d44-b546-4121-9f5c-5b5ffb24cbaa,TOWN
d8fff163-20d3-42dc-b385-001bd8eb9af7,Xã Lâm Giang,100403,6e927d44-b546-4121-9f5c-5b5ffb24cbaa,TOWN
0b373cd7-5eac-4fd4-b8b5-973f05ed3c0d,Xã Châu Quế Thượng,100404,6e927d44-b546-4121-9f5c-5b5ffb24cbaa,TOWN
35a0c324-c911-41d7-a431-279a38a8350a,Xã Châu Quế Hạ,100405,6e927d44-b546-4121-9f5c-5b5ffb24cbaa,TOWN
12b4f9eb-2c5d-4edb-b697-df990bc58396,Xã An Bình,100406,6e927d44-b546-4121-9f5c-5b5ffb24cbaa,TOWN
5cae0dab-50a2-41f2-adfb-494912a13ed5,Xã Đông An,100407,6e927d44-b546-4121-9f5c-5b5ffb24cbaa,TOWN
b4be8e87-509d-4bc7-b36d-a0d5575ed73f,Xã Đông Cuông,100408,6e927d44-b546-4121-9f5c-5b5ffb24cbaa,TOWN
dcc71787-c9d2-4753-a752-5e0cc81169da,Xã Phong Dụ Hạ,100409,6e927d44-b546-4121-9f5c-5b5ffb24cbaa,TOWN
1dc3c13c-cfda-4c97-877a-bbdcdba1b610,Xã Mậu Đông,100410,6e927d44-b546-4121-9f5c-5b5ffb24cbaa,TOWN
bed968d6-c6fd-46e8-9ecb-f0fe3f35b649,Huyện Mù Căng Chải,1005,d4c3a365-c073-42af-ba0a-598b90256647,DISTRICT
6b92a597-d1b3-4588-8dd8-c12a62cfa22f,Thị trấn Mù Căng Chải,100501,bed968d6-c6fd-46e8-9ecb-f0fe3f35b649,TOWN
f7ad24fc-b9c3-4ae7-8964-f088fb87cab2,Xã Hồ Bốn,100502,bed968d6-c6fd-46e8-9ecb-f0fe3f35b649,TOWN
f3d25a78-69ca-4b1b-b12b-f493e59b6bb7,Xã Nậm Có,100503,bed968d6-c6fd-46e8-9ecb-f0fe3f35b649,TOWN
612b9c19-05f9-4618-982c-d363608ee235,Xã Khao Mang,100504,bed968d6-c6fd-46e8-9ecb-f0fe3f35b649,TOWN
685a6a7b-f515-4761-b810-30bc04d76366,Xã Mồ Dề,100505,bed968d6-c6fd-46e8-9ecb-f0fe3f35b649,TOWN
c65d49ed-91af-4415-97f6-fc09ae1c9ad3,Xã Chế Cu Nha,100506,bed968d6-c6fd-46e8-9ecb-f0fe3f35b649,TOWN
9004ee7d-0e14-45ba-bc9f-3c1a20bf5d4d,Xã Kim Nọi,100507,bed968d6-c6fd-46e8-9ecb-f0fe3f35b649,TOWN
b2c5fceb-fde4-4f31-83e3-eb3778d4f494,Xã Cao Phạ,100508,bed968d6-c6fd-46e8-9ecb-f0fe3f35b649,TOWN
183be17d-adce-4ec7-afd8-710828528c47,Xã La Pán Tẩn,100509,bed968d6-c6fd-46e8-9ecb-f0fe3f35b649,TOWN
a42e9eb3-1a8e-4a0a-90d2-af3592c3fe01,Xã Dế Su Phình,100510,bed968d6-c6fd-46e8-9ecb-f0fe3f35b649,TOWN
b3d63a5c-f72b-4a2e-bc4c-0d20fd32015c,Huyện Trấn Yên,1006,d4c3a365-c073-42af-ba0a-598b90256647,DISTRICT
d272d980-f98a-4cd9-9a70-45cf10d0f6ec,Thị trấn Cổ Phúc,100601,b3d63a5c-f72b-4a2e-bc4c-0d20fd32015c,TOWN
f126db46-2020-4676-ae77-3cb7d51c4235,Xã Tân Đồng,100602,b3d63a5c-f72b-4a2e-bc4c-0d20fd32015c,TOWN
9939d5f6-4f63-4905-bfa0-dd69dcda465c,Xã Báo Đáp,100603,b3d63a5c-f72b-4a2e-bc4c-0d20fd32015c,TOWN
93b2d834-15e4-4c55-8198-adc6d4ea8920,Xã Đào Thịnh,100604,b3d63a5c-f72b-4a2e-bc4c-0d20fd32015c,TOWN
a4c8a9d9-4207-49ef-86b6-0679531cd1f6,Xã Việt Thành,100605,b3d63a5c-f72b-4a2e-bc4c-0d20fd32015c,TOWN
a684ae5d-7196-411e-b4e6-388b0b349c57,Xã Hòa Cuông,100606,b3d63a5c-f72b-4a2e-bc4c-0d20fd32015c,TOWN
d86c8350-bc6a-4b10-9731-b458e0a606c3,Xã Minh Quán,100607,b3d63a5c-f72b-4a2e-bc4c-0d20fd32015c,TOWN
73b3ea4f-859d-4f10-8a21-aca1259d0564,Xã Quy Mông,100608,b3d63a5c-f72b-4a2e-bc4c-0d20fd32015c,TOWN
f1306b19-ed2b-430f-b063-7f21bfc924a0,Xã Cường Thịnh,100609,b3d63a5c-f72b-4a2e-bc4c-0d20fd32015c,TOWN
8cc69b80-ffea-46c4-9245-6f8bc1f0958b,Xã Kiên Thành,100610,b3d63a5c-f72b-4a2e-bc4c-0d20fd32015c,TOWN
dec9dea2-e681-418b-9b69-798764792491,Huyện Trạm Tấu,1007,d4c3a365-c073-42af-ba0a-598b90256647,DISTRICT
05600e9a-812a-4104-ac93-a30c4f2cdacf,Thị trấn Trạm Tấu,100701,dec9dea2-e681-418b-9b69-798764792491,TOWN
0f754fed-dde1-445c-9968-a9701671b11d,Xã Túc Đán,100702,dec9dea2-e681-418b-9b69-798764792491,TOWN
f9e9c2f7-1eb9-4955-99f0-6d362ba25149,Xã Pá Lau,100703,dec9dea2-e681-418b-9b69-798764792491,TOWN
d8fec5cc-bb9d-4291-aa70-a7b8ad0cf49b,Xã Xà Hồ,100704,dec9dea2-e681-418b-9b69-798764792491,TOWN
71913a9b-3e62-44b7-92ee-4fdd4ba55f59,Xã Phình Hồ,100705,dec9dea2-e681-418b-9b69-798764792491,TOWN
6c1af9b6-e14f-474f-904b-01d0c7559106,Xã Trạm Tấu,100706,dec9dea2-e681-418b-9b69-798764792491,TOWN
b49c87cd-972d-400e-b646-e64dd356833e,Xã Tà Si Láng,100707,dec9dea2-e681-418b-9b69-798764792491,TOWN
aa08b395-867a-48c3-8f64-bb82e78b2434,Xã Pá Hu,100708,dec9dea2-e681-418b-9b69-798764792491,TOWN
e6106be8-4322-49a0-80cd-332aaafbfb17,Xã Làng Nhì,100709,dec9dea2-e681-418b-9b69-798764792491,TOWN
332d2388-05bb-41e0-9228-53beb8bd71f1,Xã Bản Công,100710,dec9dea2-e681-418b-9b69-798764792491,TOWN
575ff5a4-fd52-43c3-a42a-a6358c094400,Huyện Văn Chấn,1008,d4c3a365-c073-42af-ba0a-598b90256647,DISTRICT
7bb8a326-0609-4074-b6c2-ed628cd38f5f,Thị trấn NT Liên Sơn,100801,575ff5a4-fd52-43c3-a42a-a6358c094400,TOWN
6c17e052-d60e-4725-8c2b-a2b326a1ce6d,Thị trấn NT Trần Phú,100802,575ff5a4-fd52-43c3-a42a-a6358c094400,TOWN
65e50c39-4af2-4de6-be0c-eed05d7bf750,Xã Tú Lệ,100803,575ff5a4-fd52-43c3-a42a-a6358c094400,TOWN
139cd3ac-b4ec-4e38-a3e8-a5db4b07837c,Xã Nậm Búng,100804,575ff5a4-fd52-43c3-a42a-a6358c094400,TOWN
86375909-f40a-415c-bc57-f9c12bb284cc,Xã Gia Hội,100805,575ff5a4-fd52-43c3-a42a-a6358c094400,TOWN
c02bf58f-07be-4273-9af6-127b10853d27,Xã Sùng Đô,100806,575ff5a4-fd52-43c3-a42a-a6358c094400,TOWN
265dfc8b-d1da-499e-b77e-49159e9f3025,Xã Nậm Mười,100807,575ff5a4-fd52-43c3-a42a-a6358c094400,TOWN
7f7ab639-8d28-45fb-aa15-c57bc4f168b5,Xã An Lương,100808,575ff5a4-fd52-43c3-a42a-a6358c094400,TOWN
df633c73-1f39-4de5-970b-2515422ad983,Xã Nậm Lành,100809,575ff5a4-fd52-43c3-a42a-a6358c094400,TOWN
6ade7435-e8a6-47cc-ad1e-b37005b1b336,Xã Sơn Lương,100810,575ff5a4-fd52-43c3-a42a-a6358c094400,TOWN
051bdd4a-f593-49ce-8e1f-24fa150e15b2,Huyện Yên Bình,1009,d4c3a365-c073-42af-ba0a-598b90256647,DISTRICT
724208e0-0a15-4707-a344-1135d6e02248,Thị trấn Thác Bà,100901,051bdd4a-f593-49ce-8e1f-24fa150e15b2,TOWN
5b8e218a-641b-4e12-82c1-76d509409293,Xã Xuân Long,100902,051bdd4a-f593-49ce-8e1f-24fa150e15b2,TOWN
a2af4339-1367-4c98-ba10-d867ffc75958,Xã Cảm Nhân,100903,051bdd4a-f593-49ce-8e1f-24fa150e15b2,TOWN
fd43726c-e1ed-4fe0-a11b-e432ef7c6c5f,Xã Ngọc Chấn,100904,051bdd4a-f593-49ce-8e1f-24fa150e15b2,TOWN
cf7f3cb3-c4f2-4e7d-9854-8ee9dfd007df,Xã Tân Nguyên,100905,051bdd4a-f593-49ce-8e1f-24fa150e15b2,TOWN
3de15f0d-2dcc-41c1-8a00-e4149affe712,Xã Bảo Ái,100906,051bdd4a-f593-49ce-8e1f-24fa150e15b2,TOWN
5281c11a-3538-49a9-b79a-bc534007e521,Xã Mỹ Gia,100907,051bdd4a-f593-49ce-8e1f-24fa150e15b2,TOWN
86839586-2917-4fe5-87d7-6a4505205e55,Xã Xuân Lai,100908,051bdd4a-f593-49ce-8e1f-24fa150e15b2,TOWN
df80e79d-6a34-47af-a509-03b4d1d9ff7f,Xã Mông Sơn,100909,051bdd4a-f593-49ce-8e1f-24fa150e15b2,TOWN
4c780cf3-855c-4119-8b17-cf597b9a3cbc,Xã Cảm Ân,100910,051bdd4a-f593-49ce-8e1f-24fa150e15b2,TOWN
